"LOCATION","INDICATOR","SUBJECT","MEASURE","FREQUENCY","TIME","Value","Flag Codes"
"AUS","PARTEMP","TOT","PC_EMP","A","2001",23.758824515819,
"AUS","PARTEMP","TOT","PC_EMP","A","2002",24.0278054702807,
"AUS","PARTEMP","TOT","PC_EMP","A","2003",24.3208995631173,
"AUS","PARTEMP","TOT","PC_EMP","A","2004",23.7687720244929,
"AUS","PARTEMP","TOT","PC_EMP","A","2005",23.995148292314,
"AUS","PARTEMP","TOT","PC_EMP","A","2006",23.9303353491081,
"AUS","PARTEMP","TOT","PC_EMP","A","2007",23.7322899011103,
"AUS","PARTEMP","TOT","PC_EMP","A","2008",23.759551599861,
"AUS","PARTEMP","TOT","PC_EMP","A","2009",24.5986349881482,
"AUS","PARTEMP","TOT","PC_EMP","A","2010",24.8453082352086,
"AUS","PARTEMP","TOT","PC_EMP","A","2011",24.657989608309,
"AUS","PARTEMP","TOT","PC_EMP","A","2012",24.5643088965959,
"AUS","PARTEMP","TOT","PC_EMP","A","2013",24.8842038750085,
"AUS","PARTEMP","TOT","PC_EMP","A","2014",25.2084805696591,
"AUS","PARTEMP","TOT","PC_EMP","A","2015",25.2413739295139,
"AUS","PARTEMP","TOT","PC_EMP","A","2016",25.8957848497529,
"AUS","PARTEMP","TOT","PC_EMP","A","2017",25.7304363331719,
"AUS","PARTEMP","TOT","PC_EMP","A","2018",25.5719191680161,
"AUS","PARTEMP","TOT","PC_EMP","A","2019",25.5391980107522,
"AUT","PARTEMP","TOT","PC_EMP","A","1995",11.0984973904765,
"AUT","PARTEMP","TOT","PC_EMP","A","1996",10.9013181865194,
"AUT","PARTEMP","TOT","PC_EMP","A","1997",10.7720843710453,
"AUT","PARTEMP","TOT","PC_EMP","A","1998",11.4952290661587,
"AUT","PARTEMP","TOT","PC_EMP","A","1999",12.2888994066321,
"AUT","PARTEMP","TOT","PC_EMP","A","2000",11.7456895558189,
"AUT","PARTEMP","TOT","PC_EMP","A","2001",12.6809595163904,
"AUT","PARTEMP","TOT","PC_EMP","A","2002",13.3048220708398,
"AUT","PARTEMP","TOT","PC_EMP","A","2003",13.6831766212456,
"AUT","PARTEMP","TOT","PC_EMP","A","2004",15.3349074687752,
"AUT","PARTEMP","TOT","PC_EMP","A","2005",16.4309884796083,
"AUT","PARTEMP","TOT","PC_EMP","A","2006",16.9588463749308,
"AUT","PARTEMP","TOT","PC_EMP","A","2007",17.3453525465177,
"AUT","PARTEMP","TOT","PC_EMP","A","2008",17.8415867024929,
"AUT","PARTEMP","TOT","PC_EMP","A","2009",18.6880208699726,
"AUT","PARTEMP","TOT","PC_EMP","A","2010",19.1669907692185,
"AUT","PARTEMP","TOT","PC_EMP","A","2011",19.0152489023594,
"AUT","PARTEMP","TOT","PC_EMP","A","2012",19.4366207285099,
"AUT","PARTEMP","TOT","PC_EMP","A","2013",19.8635559789831,
"AUT","PARTEMP","TOT","PC_EMP","A","2014",20.9392366772326,
"AUT","PARTEMP","TOT","PC_EMP","A","2015",21.0265484698466,
"AUT","PARTEMP","TOT","PC_EMP","A","2016",20.8935760834156,
"AUT","PARTEMP","TOT","PC_EMP","A","2017",20.9401810264459,
"AUT","PARTEMP","TOT","PC_EMP","A","2018",20.3598116153451,
"AUT","PARTEMP","TOT","PC_EMP","A","2019",20.024631026073,
"AUT","PARTEMP","TOT","PC_EMP","A","2020",19.7300201430284,
"BEL","PARTEMP","TOT","PC_EMP","A","1983",9.75887045697726,
"BEL","PARTEMP","TOT","PC_EMP","A","1984",10.767511962028,
"BEL","PARTEMP","TOT","PC_EMP","A","1985",11.5328941239433,
"BEL","PARTEMP","TOT","PC_EMP","A","1986",11.655011228963,
"BEL","PARTEMP","TOT","PC_EMP","A","1987",12.4988796443925,
"BEL","PARTEMP","TOT","PC_EMP","A","1988",12.7259074823052,
"BEL","PARTEMP","TOT","PC_EMP","A","1989",12.9997955728112,
"BEL","PARTEMP","TOT","PC_EMP","A","1990",13.5145063503189,
"BEL","PARTEMP","TOT","PC_EMP","A","1991",14.617625253121,
"BEL","PARTEMP","TOT","PC_EMP","A","1992",14.3387282171771,
"BEL","PARTEMP","TOT","PC_EMP","A","1993",14.6640264682297,
"BEL","PARTEMP","TOT","PC_EMP","A","1994",14.6211100593629,
"BEL","PARTEMP","TOT","PC_EMP","A","1995",14.5622677364854,
"BEL","PARTEMP","TOT","PC_EMP","A","1996",14.7906596456466,
"BEL","PARTEMP","TOT","PC_EMP","A","1997",15.0446017878237,
"BEL","PARTEMP","TOT","PC_EMP","A","1998",15.5989089070752,
"BEL","PARTEMP","TOT","PC_EMP","A","1999",19.9016753263246,
"BEL","PARTEMP","TOT","PC_EMP","A","2000",19.2627704191688,
"BEL","PARTEMP","TOT","PC_EMP","A","2001",17.5876659317248,
"BEL","PARTEMP","TOT","PC_EMP","A","2002",17.5977517549831,
"BEL","PARTEMP","TOT","PC_EMP","A","2003",18.2994503795005,
"BEL","PARTEMP","TOT","PC_EMP","A","2004",18.5392130344114,
"BEL","PARTEMP","TOT","PC_EMP","A","2005",18.5223392163141,
"BEL","PARTEMP","TOT","PC_EMP","A","2006",18.6634842723919,
"BEL","PARTEMP","TOT","PC_EMP","A","2007",18.0841783618975,
"BEL","PARTEMP","TOT","PC_EMP","A","2008",18.3171558042534,
"BEL","PARTEMP","TOT","PC_EMP","A","2009",18.2441149554318,
"BEL","PARTEMP","TOT","PC_EMP","A","2010",18.3210441670143,
"BEL","PARTEMP","TOT","PC_EMP","A","2011",18.7932978482878,
"BEL","PARTEMP","TOT","PC_EMP","A","2012",18.6717835454242,
"BEL","PARTEMP","TOT","PC_EMP","A","2013",18.2125090897623,
"BEL","PARTEMP","TOT","PC_EMP","A","2014",18.1264495434547,
"BEL","PARTEMP","TOT","PC_EMP","A","2015",18.1526822664036,
"BEL","PARTEMP","TOT","PC_EMP","A","2016",17.827076395723,
"BEL","PARTEMP","TOT","PC_EMP","A","2017",16.4784174989753,
"BEL","PARTEMP","TOT","PC_EMP","A","2018",16.6404661437178,
"BEL","PARTEMP","TOT","PC_EMP","A","2019",16.8685609379029,
"BEL","PARTEMP","TOT","PC_EMP","A","2020",16.6516450289706,
"CAN","PARTEMP","TOT","PC_EMP","A","1976",12.509758704151,
"CAN","PARTEMP","TOT","PC_EMP","A","1977",13.040403948371,
"CAN","PARTEMP","TOT","PC_EMP","A","1978",13.2226949038112,
"CAN","PARTEMP","TOT","PC_EMP","A","1979",13.7687283224323,
"CAN","PARTEMP","TOT","PC_EMP","A","1980",14.2941755207566,
"CAN","PARTEMP","TOT","PC_EMP","A","1981",14.8233106016656,
"CAN","PARTEMP","TOT","PC_EMP","A","1982",15.9242486325016,
"CAN","PARTEMP","TOT","PC_EMP","A","1983",16.7894217214521,
"CAN","PARTEMP","TOT","PC_EMP","A","1984",16.7531616403344,
"CAN","PARTEMP","TOT","PC_EMP","A","1985",17.0458642699327,
"CAN","PARTEMP","TOT","PC_EMP","A","1986",16.9261025010733,
"CAN","PARTEMP","TOT","PC_EMP","A","1987",16.6498962062751,
"CAN","PARTEMP","TOT","PC_EMP","A","1988",16.8169397881584,
"CAN","PARTEMP","TOT","PC_EMP","A","1989",16.6411321010381,
"CAN","PARTEMP","TOT","PC_EMP","A","1990",16.9684919163711,
"CAN","PARTEMP","TOT","PC_EMP","A","1991",18.1433319874756,
"CAN","PARTEMP","TOT","PC_EMP","A","1992",18.5586464501794,
"CAN","PARTEMP","TOT","PC_EMP","A","1993",19.2178280206938,
"CAN","PARTEMP","TOT","PC_EMP","A","1994",18.9450131000345,
"CAN","PARTEMP","TOT","PC_EMP","A","1995",18.8011986451829,
"CAN","PARTEMP","TOT","PC_EMP","A","1996",19.0935396266782,
"CAN","PARTEMP","TOT","PC_EMP","A","1997",19.0906637161396,
"CAN","PARTEMP","TOT","PC_EMP","A","1998",18.8138636116646,
"CAN","PARTEMP","TOT","PC_EMP","A","1999",18.3940794179552,
"CAN","PARTEMP","TOT","PC_EMP","A","2000",18.1047863711239,
"CAN","PARTEMP","TOT","PC_EMP","A","2001",18.1128535444432,
"CAN","PARTEMP","TOT","PC_EMP","A","2002",18.7675840261501,
"CAN","PARTEMP","TOT","PC_EMP","A","2003",18.9669934876719,
"CAN","PARTEMP","TOT","PC_EMP","A","2004",18.5359812404722,
"CAN","PARTEMP","TOT","PC_EMP","A","2005",18.4178848005048,
"CAN","PARTEMP","TOT","PC_EMP","A","2006",18.1656522102818,
"CAN","PARTEMP","TOT","PC_EMP","A","2007",18.2759857139234,
"CAN","PARTEMP","TOT","PC_EMP","A","2008",18.500554712735,
"CAN","PARTEMP","TOT","PC_EMP","A","2009",19.266660202084,
"CAN","PARTEMP","TOT","PC_EMP","A","2010",19.4991034441228,
"CAN","PARTEMP","TOT","PC_EMP","A","2011",19.2466375448018,
"CAN","PARTEMP","TOT","PC_EMP","A","2012",18.8859948768233,
"CAN","PARTEMP","TOT","PC_EMP","A","2013",19.0268657588032,
"CAN","PARTEMP","TOT","PC_EMP","A","2014",19.2424808393822,
"CAN","PARTEMP","TOT","PC_EMP","A","2015",18.8546850344845,
"CAN","PARTEMP","TOT","PC_EMP","A","2016",19.2029269184471,
"CAN","PARTEMP","TOT","PC_EMP","A","2017",19.2015979422377,
"CAN","PARTEMP","TOT","PC_EMP","A","2018",18.756971445141,
"CAN","PARTEMP","TOT","PC_EMP","A","2019",19.0125668894479,
"CAN","PARTEMP","TOT","PC_EMP","A","2020",18.0446988144365,
"CZE","PARTEMP","TOT","PC_EMP","A","1993",3.62543451859239,
"CZE","PARTEMP","TOT","PC_EMP","A","1994",3.60118804934074,
"CZE","PARTEMP","TOT","PC_EMP","A","1995",3.44942066441542,
"CZE","PARTEMP","TOT","PC_EMP","A","1996",3.41229530754246,
"CZE","PARTEMP","TOT","PC_EMP","A","1997",3.40929788378558,
"CZE","PARTEMP","TOT","PC_EMP","A","1998",3.30577382404859,
"CZE","PARTEMP","TOT","PC_EMP","A","1999",3.38484838580942,
"CZE","PARTEMP","TOT","PC_EMP","A","2000",3.22665197206974,
"CZE","PARTEMP","TOT","PC_EMP","A","2001",3.23460472130764,
"CZE","PARTEMP","TOT","PC_EMP","A","2002",2.91173429002532,
"CZE","PARTEMP","TOT","PC_EMP","A","2003",3.17646363126333,
"CZE","PARTEMP","TOT","PC_EMP","A","2004",3.0775806796324,
"CZE","PARTEMP","TOT","PC_EMP","A","2005",3.26689502860138,
"CZE","PARTEMP","TOT","PC_EMP","A","2006",3.3178228902579,
"CZE","PARTEMP","TOT","PC_EMP","A","2007",3.48883945910035,
"CZE","PARTEMP","TOT","PC_EMP","A","2008",3.46927026429338,
"CZE","PARTEMP","TOT","PC_EMP","A","2009",3.88691502703357,
"CZE","PARTEMP","TOT","PC_EMP","A","2010",4.32103499142637,
"CZE","PARTEMP","TOT","PC_EMP","A","2011",3.90111380560105,
"CZE","PARTEMP","TOT","PC_EMP","A","2012",4.33730957203939,
"CZE","PARTEMP","TOT","PC_EMP","A","2013",4.89942573596909,
"CZE","PARTEMP","TOT","PC_EMP","A","2014",4.76010737328036,
"CZE","PARTEMP","TOT","PC_EMP","A","2015",4.68377386422701,
"CZE","PARTEMP","TOT","PC_EMP","A","2016",4.94683923465627,
"CZE","PARTEMP","TOT","PC_EMP","A","2017",5.36237568781094,
"CZE","PARTEMP","TOT","PC_EMP","A","2018",5.34913733704422,
"CZE","PARTEMP","TOT","PC_EMP","A","2019",5.34144833579966,
"CZE","PARTEMP","TOT","PC_EMP","A","2020",4.92184120392535,
"DNK","PARTEMP","TOT","PC_EMP","A","1983",20.5583231371569,
"DNK","PARTEMP","TOT","PC_EMP","A","1984",21.1653554618024,
"DNK","PARTEMP","TOT","PC_EMP","A","1985",20.3202665809528,
"DNK","PARTEMP","TOT","PC_EMP","A","1986",19.6274450169006,
"DNK","PARTEMP","TOT","PC_EMP","A","1987",19.8666605498782,
"DNK","PARTEMP","TOT","PC_EMP","A","1988",18.9874821036032,
"DNK","PARTEMP","TOT","PC_EMP","A","1989",18.876407453021,
"DNK","PARTEMP","TOT","PC_EMP","A","1990",19.1550652036588,
"DNK","PARTEMP","TOT","PC_EMP","A","1991",18.7078078549984,
"DNK","PARTEMP","TOT","PC_EMP","A","1992",18.9169218813719,
"DNK","PARTEMP","TOT","PC_EMP","A","1993",18.9720392435207,
"DNK","PARTEMP","TOT","PC_EMP","A","1994",17.3090414023097,
"DNK","PARTEMP","TOT","PC_EMP","A","1995",16.8881202658684,
"DNK","PARTEMP","TOT","PC_EMP","A","1996",16.6072169393061,
"DNK","PARTEMP","TOT","PC_EMP","A","1997",17.1781088209815,
"DNK","PARTEMP","TOT","PC_EMP","A","1998",17.1122135568016,
"DNK","PARTEMP","TOT","PC_EMP","A","1999",15.2782650661903,
"DNK","PARTEMP","TOT","PC_EMP","A","2000",15.2895453110208,
"DNK","PARTEMP","TOT","PC_EMP","A","2001",14.842580858137,
"DNK","PARTEMP","TOT","PC_EMP","A","2002",15.4926029890907,
"DNK","PARTEMP","TOT","PC_EMP","A","2003",16.158274626588,
"DNK","PARTEMP","TOT","PC_EMP","A","2004",17.0486973050347,
"DNK","PARTEMP","TOT","PC_EMP","A","2005",17.3498707740392,
"DNK","PARTEMP","TOT","PC_EMP","A","2006",17.8737456745272,
"DNK","PARTEMP","TOT","PC_EMP","A","2007",17.2745925834203,
"DNK","PARTEMP","TOT","PC_EMP","A","2008",17.8186443960867,
"DNK","PARTEMP","TOT","PC_EMP","A","2009",18.7752564634759,
"DNK","PARTEMP","TOT","PC_EMP","A","2010",19.1536150644316,
"DNK","PARTEMP","TOT","PC_EMP","A","2011",19.2042705629712,
"DNK","PARTEMP","TOT","PC_EMP","A","2012",19.3795721967897,
"DNK","PARTEMP","TOT","PC_EMP","A","2013",19.2030451598796,
"DNK","PARTEMP","TOT","PC_EMP","A","2014",19.6960268609654,
"DNK","PARTEMP","TOT","PC_EMP","A","2015",20.0349251491566,
"DNK","PARTEMP","TOT","PC_EMP","A","2016",19.7433427932759,
"DNK","PARTEMP","TOT","PC_EMP","A","2017",19.4746010474061,
"DNK","PARTEMP","TOT","PC_EMP","A","2018",19.130636660888,
"DNK","PARTEMP","TOT","PC_EMP","A","2019",19.2004654369376,
"DNK","PARTEMP","TOT","PC_EMP","A","2020",18.6043970823617,
"FIN","PARTEMP","TOT","PC_EMP","A","1989",7.74505849132715,
"FIN","PARTEMP","TOT","PC_EMP","A","1990",7.58676351896691,
"FIN","PARTEMP","TOT","PC_EMP","A","1991",7.93854033290653,
"FIN","PARTEMP","TOT","PC_EMP","A","1992",8.14917127071823,
"FIN","PARTEMP","TOT","PC_EMP","A","1993",8.93909626719057,
"FIN","PARTEMP","TOT","PC_EMP","A","1994",8.93300248138958,
"FIN","PARTEMP","TOT","PC_EMP","A","1995",8.69140625,
"FIN","PARTEMP","TOT","PC_EMP","A","1996",8.48192771084337,
"FIN","PARTEMP","TOT","PC_EMP","A","1997",9.32714617169374,
"FIN","PARTEMP","TOT","PC_EMP","A","1998",9.67887833559476,
"FIN","PARTEMP","TOT","PC_EMP","A","1999",9.87275120666959,
"FIN","PARTEMP","TOT","PC_EMP","A","2000",10.3626943005181,
"FIN","PARTEMP","TOT","PC_EMP","A","2001",10.4904051172708,
"FIN","PARTEMP","TOT","PC_EMP","A","2002",11.0403397027601,
"FIN","PARTEMP","TOT","PC_EMP","A","2003",11.3239676458067,
"FIN","PARTEMP","TOT","PC_EMP","A","2004",11.311544991511,
"FIN","PARTEMP","TOT","PC_EMP","A","2005",11.2036651395252,
"FIN","PARTEMP","TOT","PC_EMP","A","2006",11.4074681986048,
"FIN","PARTEMP","TOT","PC_EMP","A","2007",11.7051437829081,
"FIN","PARTEMP","TOT","PC_EMP","A","2008",11.4956245027844,
"FIN","PARTEMP","TOT","PC_EMP","A","2009",12.2387204974025,
"FIN","PARTEMP","TOT","PC_EMP","A","2010",12.4845894633024,
"FIN","PARTEMP","TOT","PC_EMP","A","2011",12.7048013985445,
"FIN","PARTEMP","TOT","PC_EMP","A","2012",12.9797570850202,
"FIN","PARTEMP","TOT","PC_EMP","A","2013",13.0363577368163,
"FIN","PARTEMP","TOT","PC_EMP","A","2014",13.3185349362667,
"FIN","PARTEMP","TOT","PC_EMP","A","2015",13.403850833984,
"FIN","PARTEMP","TOT","PC_EMP","A","2016",14.0116173255394,
"FIN","PARTEMP","TOT","PC_EMP","A","2017",14.0311809521617,
"FIN","PARTEMP","TOT","PC_EMP","A","2018",14.1048152823617,
"FIN","PARTEMP","TOT","PC_EMP","A","2019",14.5629165451375,
"FIN","PARTEMP","TOT","PC_EMP","A","2020",14.1385208536264,
"FRA","PARTEMP","TOT","PC_EMP","A","1983",10.3037178704493,
"FRA","PARTEMP","TOT","PC_EMP","A","1984",11.2486694226724,
"FRA","PARTEMP","TOT","PC_EMP","A","1985",11.6560695249837,
"FRA","PARTEMP","TOT","PC_EMP","A","1986",12.6113556721661,
"FRA","PARTEMP","TOT","PC_EMP","A","1987",12.5440662534821,
"FRA","PARTEMP","TOT","PC_EMP","A","1988",12.562318559697,
"FRA","PARTEMP","TOT","PC_EMP","A","1989",12.1485381513396,
"FRA","PARTEMP","TOT","PC_EMP","A","1990",12.1695642884248,
"FRA","PARTEMP","TOT","PC_EMP","A","1991",12.0388398824007,
"FRA","PARTEMP","TOT","PC_EMP","A","1992",12.550407084445,
"FRA","PARTEMP","TOT","PC_EMP","A","1993",13.1908074407757,
"FRA","PARTEMP","TOT","PC_EMP","A","1994",13.7985690518382,
"FRA","PARTEMP","TOT","PC_EMP","A","1995",14.1530740069836,
"FRA","PARTEMP","TOT","PC_EMP","A","1996",14.0450664518124,
"FRA","PARTEMP","TOT","PC_EMP","A","1997",14.7656293516138,
"FRA","PARTEMP","TOT","PC_EMP","A","1998",14.6849915755889,
"FRA","PARTEMP","TOT","PC_EMP","A","1999",14.5601247034111,
"FRA","PARTEMP","TOT","PC_EMP","A","2000",14.2495341317878,
"FRA","PARTEMP","TOT","PC_EMP","A","2001",13.7893365778176,
"FRA","PARTEMP","TOT","PC_EMP","A","2002",13.8324511265659,
"FRA","PARTEMP","TOT","PC_EMP","A","2003",12.9798510511154,
"FRA","PARTEMP","TOT","PC_EMP","A","2004",13.2660187762612,
"FRA","PARTEMP","TOT","PC_EMP","A","2005",13.1896509383849,
"FRA","PARTEMP","TOT","PC_EMP","A","2006",13.2091674465955,
"FRA","PARTEMP","TOT","PC_EMP","A","2007",13.28382639189,
"FRA","PARTEMP","TOT","PC_EMP","A","2008",13.0265983358416,
"FRA","PARTEMP","TOT","PC_EMP","A","2009",13.4617054706223,
"FRA","PARTEMP","TOT","PC_EMP","A","2010",13.6766613093626,
"FRA","PARTEMP","TOT","PC_EMP","A","2011",13.6634310914521,
"FRA","PARTEMP","TOT","PC_EMP","A","2012",13.8725520061081,
"FRA","PARTEMP","TOT","PC_EMP","A","2013",14.0190111978,
"FRA","PARTEMP","TOT","PC_EMP","A","2014",14.3145555518682,
"FRA","PARTEMP","TOT","PC_EMP","A","2015",14.3554798107638,
"FRA","PARTEMP","TOT","PC_EMP","A","2016",14.2514562456033,
"FRA","PARTEMP","TOT","PC_EMP","A","2017",14.2880044354848,
"FRA","PARTEMP","TOT","PC_EMP","A","2018",14.0057446457666,
"FRA","PARTEMP","TOT","PC_EMP","A","2019",13.4380112578838,
"FRA","PARTEMP","TOT","PC_EMP","A","2020",13.1197118104074,
"DEU","PARTEMP","TOT","PC_EMP","A","1983",13.3709995692289,
"DEU","PARTEMP","TOT","PC_EMP","A","1984",11.0332305611969,
"DEU","PARTEMP","TOT","PC_EMP","A","1985",10.9708793518554,
"DEU","PARTEMP","TOT","PC_EMP","A","1986",11.2232184992921,
"DEU","PARTEMP","TOT","PC_EMP","A","1987",10.9697214980188,
"DEU","PARTEMP","TOT","PC_EMP","A","1988",11.3829343951109,
"DEU","PARTEMP","TOT","PC_EMP","A","1989",11.5845648604269,
"DEU","PARTEMP","TOT","PC_EMP","A","1990",13.4219549628874,
"DEU","PARTEMP","TOT","PC_EMP","A","1991",11.8361904717939,
"DEU","PARTEMP","TOT","PC_EMP","A","1992",12.25415363641,
"DEU","PARTEMP","TOT","PC_EMP","A","1993",12.8332805407038,
"DEU","PARTEMP","TOT","PC_EMP","A","1994",13.5047243022169,
"DEU","PARTEMP","TOT","PC_EMP","A","1995",14.244065011502,
"DEU","PARTEMP","TOT","PC_EMP","A","1996",14.8939324526812,
"DEU","PARTEMP","TOT","PC_EMP","A","1997",15.8189144153311,
"DEU","PARTEMP","TOT","PC_EMP","A","1998",16.5962121708293,
"DEU","PARTEMP","TOT","PC_EMP","A","1999",17.1408449968641,
"DEU","PARTEMP","TOT","PC_EMP","A","2000",17.580980531338,
"DEU","PARTEMP","TOT","PC_EMP","A","2001",18.2940073253211,
"DEU","PARTEMP","TOT","PC_EMP","A","2002",18.7760512384572,
"DEU","PARTEMP","TOT","PC_EMP","A","2003",19.5640809444855,
"DEU","PARTEMP","TOT","PC_EMP","A","2004",20.0967026743509,
"DEU","PARTEMP","TOT","PC_EMP","A","2005",21.4616768384093,
"DEU","PARTEMP","TOT","PC_EMP","A","2006",21.8426650007676,
"DEU","PARTEMP","TOT","PC_EMP","A","2007",21.9790157350958,
"DEU","PARTEMP","TOT","PC_EMP","A","2008",21.7833619882137,
"DEU","PARTEMP","TOT","PC_EMP","A","2009",21.8577454850796,
"DEU","PARTEMP","TOT","PC_EMP","A","2010",21.8369543791341,
"DEU","PARTEMP","TOT","PC_EMP","A","2011",22.2665057615855,
"DEU","PARTEMP","TOT","PC_EMP","A","2012",22.2352572191518,
"DEU","PARTEMP","TOT","PC_EMP","A","2013",22.5695482957294,
"DEU","PARTEMP","TOT","PC_EMP","A","2014",22.3278907131722,
"DEU","PARTEMP","TOT","PC_EMP","A","2015",22.4020416487909,
"DEU","PARTEMP","TOT","PC_EMP","A","2016",22.0695908475764,
"DEU","PARTEMP","TOT","PC_EMP","A","2017",22.1583982001157,
"DEU","PARTEMP","TOT","PC_EMP","A","2018",22.0286231608251,
"DEU","PARTEMP","TOT","PC_EMP","A","2019",22.0415849028218,
"GRC","PARTEMP","TOT","PC_EMP","A","1983",7.24092660470363,
"GRC","PARTEMP","TOT","PC_EMP","A","1984",6.99757453080277,
"GRC","PARTEMP","TOT","PC_EMP","A","1985",5.93993410654754,
"GRC","PARTEMP","TOT","PC_EMP","A","1986",6.79408747207245,
"GRC","PARTEMP","TOT","PC_EMP","A","1987",6.525489601633,
"GRC","PARTEMP","TOT","PC_EMP","A","1988",7.01241101691361,
"GRC","PARTEMP","TOT","PC_EMP","A","1989",6.63565363721093,
"GRC","PARTEMP","TOT","PC_EMP","A","1990",6.6973938774433,
"GRC","PARTEMP","TOT","PC_EMP","A","1991",6.87566797304807,
"GRC","PARTEMP","TOT","PC_EMP","A","1992",7.20262347212561,
"GRC","PARTEMP","TOT","PC_EMP","A","1993",7.12930195965392,
"GRC","PARTEMP","TOT","PC_EMP","A","1994",7.83829857029172,
"GRC","PARTEMP","TOT","PC_EMP","A","1995",7.78822458184362,
"GRC","PARTEMP","TOT","PC_EMP","A","1996",8.00585691362662,
"GRC","PARTEMP","TOT","PC_EMP","A","1997",8.31523533228351,
"GRC","PARTEMP","TOT","PC_EMP","A","1998",9.06859950560307,
"GRC","PARTEMP","TOT","PC_EMP","A","1999",7.96545550318283,
"GRC","PARTEMP","TOT","PC_EMP","A","2000",5.34482625983894,
"GRC","PARTEMP","TOT","PC_EMP","A","2001",4.70479346417196,
"GRC","PARTEMP","TOT","PC_EMP","A","2002",5.37859970485099,
"GRC","PARTEMP","TOT","PC_EMP","A","2003",5.60115429876449,
"GRC","PARTEMP","TOT","PC_EMP","A","2004",5.89514954564517,
"GRC","PARTEMP","TOT","PC_EMP","A","2005",6.38276735768611,
"GRC","PARTEMP","TOT","PC_EMP","A","2006",7.43196451288423,
"GRC","PARTEMP","TOT","PC_EMP","A","2007",7.69335355114846,
"GRC","PARTEMP","TOT","PC_EMP","A","2008",7.93389704328765,
"GRC","PARTEMP","TOT","PC_EMP","A","2009",8.50481646985834,
"GRC","PARTEMP","TOT","PC_EMP","A","2010",8.90688985147817,
"GRC","PARTEMP","TOT","PC_EMP","A","2011",9.08516416828992,
"GRC","PARTEMP","TOT","PC_EMP","A","2012",9.78649283534155,
"GRC","PARTEMP","TOT","PC_EMP","A","2013",10.3265692988038,
"GRC","PARTEMP","TOT","PC_EMP","A","2014",11.1528606889407,
"GRC","PARTEMP","TOT","PC_EMP","A","2015",11.116071024219,
"GRC","PARTEMP","TOT","PC_EMP","A","2016",10.9882937856074,
"GRC","PARTEMP","TOT","PC_EMP","A","2017",11.0216811535885,
"GRC","PARTEMP","TOT","PC_EMP","A","2018",10.4549140794178,
"GRC","PARTEMP","TOT","PC_EMP","A","2019",10.4598538477873,
"GRC","PARTEMP","TOT","PC_EMP","A","2020",9.76622920812274,
"HUN","PARTEMP","TOT","PC_EMP","A","1995",3.19363722463506,
"HUN","PARTEMP","TOT","PC_EMP","A","1996",3.11319819933418,
"HUN","PARTEMP","TOT","PC_EMP","A","1997",3.29298579581026,
"HUN","PARTEMP","TOT","PC_EMP","A","1998",3.52215010077627,
"HUN","PARTEMP","TOT","PC_EMP","A","1999",3.53301346967508,
"HUN","PARTEMP","TOT","PC_EMP","A","2000",3.17293295004061,
"HUN","PARTEMP","TOT","PC_EMP","A","2001",2.78676540579013,
"HUN","PARTEMP","TOT","PC_EMP","A","2002",2.89181405918144,
"HUN","PARTEMP","TOT","PC_EMP","A","2003",3.52359500011532,
"HUN","PARTEMP","TOT","PC_EMP","A","2004",3.58424296746207,
"HUN","PARTEMP","TOT","PC_EMP","A","2005",3.57247015856079,
"HUN","PARTEMP","TOT","PC_EMP","A","2006",2.94743209796104,
"HUN","PARTEMP","TOT","PC_EMP","A","2007",3.06760006551706,
"HUN","PARTEMP","TOT","PC_EMP","A","2008",3.37142403901518,
"HUN","PARTEMP","TOT","PC_EMP","A","2009",3.83689828857007,
"HUN","PARTEMP","TOT","PC_EMP","A","2010",3.99065567079113,
"HUN","PARTEMP","TOT","PC_EMP","A","2011",5.20771238388447,
"HUN","PARTEMP","TOT","PC_EMP","A","2012",5.15239209459817,
"HUN","PARTEMP","TOT","PC_EMP","A","2013",4.90497494062753,
"HUN","PARTEMP","TOT","PC_EMP","A","2014",4.50138091885792,
"HUN","PARTEMP","TOT","PC_EMP","A","2015",4.38226262748804,
"HUN","PARTEMP","TOT","PC_EMP","A","2016",3.92406235975141,
"HUN","PARTEMP","TOT","PC_EMP","A","2017",3.63130024627327,
"HUN","PARTEMP","TOT","PC_EMP","A","2018",3.75420808349786,
"HUN","PARTEMP","TOT","PC_EMP","A","2019",4.05990461468586,
"HUN","PARTEMP","TOT","PC_EMP","A","2020",4.38934059690885,
"ISL","PARTEMP","TOT","PC_EMP","A","1991",22.1724017059064,
"ISL","PARTEMP","TOT","PC_EMP","A","1992",22.126117702063,
"ISL","PARTEMP","TOT","PC_EMP","A","1993",22.4222993251058,
"ISL","PARTEMP","TOT","PC_EMP","A","1994",22.5749290107991,
"ISL","PARTEMP","TOT","PC_EMP","A","1995",23.1578112735025,
"ISL","PARTEMP","TOT","PC_EMP","A","1996",21.1148399142955,
"ISL","PARTEMP","TOT","PC_EMP","A","1997",22.5797268333846,
"ISL","PARTEMP","TOT","PC_EMP","A","1998",23.2719429827118,
"ISL","PARTEMP","TOT","PC_EMP","A","1999",21.5352892710983,
"ISL","PARTEMP","TOT","PC_EMP","A","2000",20.1558671267152,
"ISL","PARTEMP","TOT","PC_EMP","A","2001",19.9474356416645,
"ISL","PARTEMP","TOT","PC_EMP","A","2002",20.3248871421083,
"ISL","PARTEMP","TOT","PC_EMP","A","2003",15.8637619525261,
"ISL","PARTEMP","TOT","PC_EMP","A","2004",16.3886869668742,
"ISL","PARTEMP","TOT","PC_EMP","A","2005",16.1974945718074,
"ISL","PARTEMP","TOT","PC_EMP","A","2006",15.8278457928571,
"ISL","PARTEMP","TOT","PC_EMP","A","2007",15.7770193680791,
"ISL","PARTEMP","TOT","PC_EMP","A","2008",15.0424576564278,
"ISL","PARTEMP","TOT","PC_EMP","A","2009",17.4297879812178,
"ISL","PARTEMP","TOT","PC_EMP","A","2010",18.3036613259718,
"ISL","PARTEMP","TOT","PC_EMP","A","2011",16.8424218268743,
"ISL","PARTEMP","TOT","PC_EMP","A","2012",17.2137885061068,
"ISL","PARTEMP","TOT","PC_EMP","A","2013",17.3835037483215,
"ISL","PARTEMP","TOT","PC_EMP","A","2014",16.720880508541,
"ISL","PARTEMP","TOT","PC_EMP","A","2015",17.2229574393025,
"ISL","PARTEMP","TOT","PC_EMP","A","2016",17.6939498518104,
"ISL","PARTEMP","TOT","PC_EMP","A","2017",17.6397021067167,
"ISL","PARTEMP","TOT","PC_EMP","A","2018",16.8437440085821,
"ISL","PARTEMP","TOT","PC_EMP","A","2019",15.6026259690773,
"ISL","PARTEMP","TOT","PC_EMP","A","2020",16.9234760497235,
"IRL","PARTEMP","TOT","PC_EMP","A","1983",8.02472548635328,
"IRL","PARTEMP","TOT","PC_EMP","A","1984",7.93126595455466,
"IRL","PARTEMP","TOT","PC_EMP","A","1985",8.06371436461309,
"IRL","PARTEMP","TOT","PC_EMP","A","1986",8.33131866061571,
"IRL","PARTEMP","TOT","PC_EMP","A","1987",9.00006040314021,
"IRL","PARTEMP","TOT","PC_EMP","A","1988",9.62975016099114,
"IRL","PARTEMP","TOT","PC_EMP","A","1989",9.38627152327975,
"IRL","PARTEMP","TOT","PC_EMP","A","1990",9.99458817265024,
"IRL","PARTEMP","TOT","PC_EMP","A","1991",10.4227800102089,
"IRL","PARTEMP","TOT","PC_EMP","A","1992",11.2569722643497,
"IRL","PARTEMP","TOT","PC_EMP","A","1993",13.0864763851138,
"IRL","PARTEMP","TOT","PC_EMP","A","1994",13.4745974587478,
"IRL","PARTEMP","TOT","PC_EMP","A","1995",14.3419071061331,
"IRL","PARTEMP","TOT","PC_EMP","A","1996",14.2442294877519,
"IRL","PARTEMP","TOT","PC_EMP","A","1997",14.9915815544039,
"IRL","PARTEMP","TOT","PC_EMP","A","1998",17.6351651636116,
"IRL","PARTEMP","TOT","PC_EMP","A","1999",17.8825304293853,
"IRL","PARTEMP","TOT","PC_EMP","A","2000",18.0760370328317,
"IRL","PARTEMP","TOT","PC_EMP","A","2001",18.1684046376231,
"IRL","PARTEMP","TOT","PC_EMP","A","2002",18.4444428409503,
"IRL","PARTEMP","TOT","PC_EMP","A","2003",18.8712558850744,
"IRL","PARTEMP","TOT","PC_EMP","A","2004",18.8726976351637,
"IRL","PARTEMP","TOT","PC_EMP","A","2005",19.3299309174235,
"IRL","PARTEMP","TOT","PC_EMP","A","2006",19.3161601967712,
"IRL","PARTEMP","TOT","PC_EMP","A","2007",19.8964309924773,
"IRL","PARTEMP","TOT","PC_EMP","A","2008",20.9005838246353,
"IRL","PARTEMP","TOT","PC_EMP","A","2009",23.8131142250968,
"IRL","PARTEMP","TOT","PC_EMP","A","2010",24.8645780019491,
"IRL","PARTEMP","TOT","PC_EMP","A","2011",25.6752996722958,
"IRL","PARTEMP","TOT","PC_EMP","A","2012",25.0227976780336,
"IRL","PARTEMP","TOT","PC_EMP","A","2013",24.2280443949512,
"IRL","PARTEMP","TOT","PC_EMP","A","2014",23.4070501739486,
"IRL","PARTEMP","TOT","PC_EMP","A","2015",23.2727602956456,
"IRL","PARTEMP","TOT","PC_EMP","A","2016",22.5457476798227,
"IRL","PARTEMP","TOT","PC_EMP","A","2017",21.4970882613631,
"IRL","PARTEMP","TOT","PC_EMP","A","2018",20.6732734010499,
"IRL","PARTEMP","TOT","PC_EMP","A","2019",20.5343536263808,
"IRL","PARTEMP","TOT","PC_EMP","A","2020",19.1274139015033,
"ITA","PARTEMP","TOT","PC_EMP","A","1983",8.03942925690349,
"ITA","PARTEMP","TOT","PC_EMP","A","1984",7.81344272289142,
"ITA","PARTEMP","TOT","PC_EMP","A","1985",7.9007970241043,
"ITA","PARTEMP","TOT","PC_EMP","A","1986",8.06698763753538,
"ITA","PARTEMP","TOT","PC_EMP","A","1987",8.47080808365503,
"ITA","PARTEMP","TOT","PC_EMP","A","1988",8.58896881328899,
"ITA","PARTEMP","TOT","PC_EMP","A","1989",9.04773333190503,
"ITA","PARTEMP","TOT","PC_EMP","A","1990",8.88039270426832,
"ITA","PARTEMP","TOT","PC_EMP","A","1991",9.01154906597862,
"ITA","PARTEMP","TOT","PC_EMP","A","1992",9.97694400314155,
"ITA","PARTEMP","TOT","PC_EMP","A","1993",10.0334299343982,
"ITA","PARTEMP","TOT","PC_EMP","A","1994",10.0269271301208,
"ITA","PARTEMP","TOT","PC_EMP","A","1995",10.5429788727293,
"ITA","PARTEMP","TOT","PC_EMP","A","1996",10.4983215004285,
"ITA","PARTEMP","TOT","PC_EMP","A","1997",11.2641138888628,
"ITA","PARTEMP","TOT","PC_EMP","A","1998",11.1894458161307,
"ITA","PARTEMP","TOT","PC_EMP","A","1999",11.7984983501765,
"ITA","PARTEMP","TOT","PC_EMP","A","2000",11.7062351164267,
"ITA","PARTEMP","TOT","PC_EMP","A","2001",11.7377210666518,
"ITA","PARTEMP","TOT","PC_EMP","A","2002",11.6106734297658,
"ITA","PARTEMP","TOT","PC_EMP","A","2003",11.6875096036208,
"ITA","PARTEMP","TOT","PC_EMP","A","2004",14.7835819160781,
"ITA","PARTEMP","TOT","PC_EMP","A","2005",14.6601285835963,
"ITA","PARTEMP","TOT","PC_EMP","A","2006",15.0306746388356,
"ITA","PARTEMP","TOT","PC_EMP","A","2007",15.2742801738221,
"ITA","PARTEMP","TOT","PC_EMP","A","2008",15.9625541185759,
"ITA","PARTEMP","TOT","PC_EMP","A","2009",15.8912599286033,
"ITA","PARTEMP","TOT","PC_EMP","A","2010",16.3652780855819,
"ITA","PARTEMP","TOT","PC_EMP","A","2011",16.6595608323075,
"ITA","PARTEMP","TOT","PC_EMP","A","2012",17.783239644858,
"ITA","PARTEMP","TOT","PC_EMP","A","2013",18.5158977053868,
"ITA","PARTEMP","TOT","PC_EMP","A","2014",18.8233538885089,
"ITA","PARTEMP","TOT","PC_EMP","A","2015",18.6527115326269,
"ITA","PARTEMP","TOT","PC_EMP","A","2016",18.6368093576819,
"ITA","PARTEMP","TOT","PC_EMP","A","2017",18.4744169684243,
"ITA","PARTEMP","TOT","PC_EMP","A","2018",17.9646234676159,
"ITA","PARTEMP","TOT","PC_EMP","A","2019",18.0006456320852,
"ITA","PARTEMP","TOT","PC_EMP","A","2020",17.9201040807432,
"JPN","PARTEMP","TOT","PC_EMP","A","1980",11.0806897100175,
"JPN","PARTEMP","TOT","PC_EMP","A","1981",11.0301751593294,
"JPN","PARTEMP","TOT","PC_EMP","A","1982",11.1974709990451,
"JPN","PARTEMP","TOT","PC_EMP","A","1983",11.3589886937486,
"JPN","PARTEMP","TOT","PC_EMP","A","1984",11.5658410904635,
"JPN","PARTEMP","TOT","PC_EMP","A","1985",11.7247547794172,
"JPN","PARTEMP","TOT","PC_EMP","A","1986",11.8355282522834,
"JPN","PARTEMP","TOT","PC_EMP","A","1987",11.7334021958249,
"JPN","PARTEMP","TOT","PC_EMP","A","1988",11.9513716765615,
"JPN","PARTEMP","TOT","PC_EMP","A","1989",12.4293635261077,
"JPN","PARTEMP","TOT","PC_EMP","A","1990",13.5657725807349,
"JPN","PARTEMP","TOT","PC_EMP","A","1991",14.0821783908601,
"JPN","PARTEMP","TOT","PC_EMP","A","1992",14.4246544134623,
"JPN","PARTEMP","TOT","PC_EMP","A","1993",14.8536802270865,
"JPN","PARTEMP","TOT","PC_EMP","A","1994",15.0980463802007,
"JPN","PARTEMP","TOT","PC_EMP","A","1995",14.1716175833848,
"JPN","PARTEMP","TOT","PC_EMP","A","1996",15.3815133249084,
"JPN","PARTEMP","TOT","PC_EMP","A","1997",16.408995621494,
"JPN","PARTEMP","TOT","PC_EMP","A","1998",16.6200066081603,
"JPN","PARTEMP","TOT","PC_EMP","A","1999",17.0242720614505,
"JPN","PARTEMP","TOT","PC_EMP","A","2000",15.9471501779519,
"JPN","PARTEMP","TOT","PC_EMP","A","2001",17.5664127752674,
"JPN","PARTEMP","TOT","PC_EMP","A","2002",17.7221324717286,
"JPN","PARTEMP","TOT","PC_EMP","A","2003",18.1641573579408,
"JPN","PARTEMP","TOT","PC_EMP","A","2004",18.1024729271052,
"JPN","PARTEMP","TOT","PC_EMP","A","2005",18.25946817083,
"JPN","PARTEMP","TOT","PC_EMP","A","2006",17.9557124518614,
"JPN","PARTEMP","TOT","PC_EMP","A","2007",18.8567779019639,
"JPN","PARTEMP","TOT","PC_EMP","A","2008",19.5544157717583,
"JPN","PARTEMP","TOT","PC_EMP","A","2009",20.2614379084967,
"JPN","PARTEMP","TOT","PC_EMP","A","2010",20.2425831830847,
"JPN","PARTEMP","TOT","PC_EMP","A","2011",20.5700549450549,
"JPN","PARTEMP","TOT","PC_EMP","A","2012",20.5111402359109,
"JPN","PARTEMP","TOT","PC_EMP","A","2013",21.8851924331376,
"JPN","PARTEMP","TOT","PC_EMP","A","2014",22.7494312642184,
"JPN","PARTEMP","TOT","PC_EMP","A","2015",22.6683937823834,
"JPN","PARTEMP","TOT","PC_EMP","A","2016",22.7898782831518,
"JPN","PARTEMP","TOT","PC_EMP","A","2017",22.4208860759494,
"JPN","PARTEMP","TOT","PC_EMP","A","2018",23.9342737560068,
"JPN","PARTEMP","TOT","PC_EMP","A","2019",25.1578137028483,
"JPN","PARTEMP","TOT","PC_EMP","A","2020",25.7770800627944,
"KOR","PARTEMP","TOT","PC_EMP","A","1989",5.2197220887077,
"KOR","PARTEMP","TOT","PC_EMP","A","1990",4.49305575122471,
"KOR","PARTEMP","TOT","PC_EMP","A","1991",4.51341605392653,
"KOR","PARTEMP","TOT","PC_EMP","A","1992",4.75454216600348,
"KOR","PARTEMP","TOT","PC_EMP","A","1993",4.4884320488897,
"KOR","PARTEMP","TOT","PC_EMP","A","1994",4.48849375410013,
"KOR","PARTEMP","TOT","PC_EMP","A","1995",4.33557886471274,
"KOR","PARTEMP","TOT","PC_EMP","A","1996",4.33249019898582,
"KOR","PARTEMP","TOT","PC_EMP","A","1997",5.01848309329398,
"KOR","PARTEMP","TOT","PC_EMP","A","1998",6.72847550330307,
"KOR","PARTEMP","TOT","PC_EMP","A","1999",7.67877975135959,
"KOR","PARTEMP","TOT","PC_EMP","A","2000",7.02344325431594,
"KOR","PARTEMP","TOT","PC_EMP","A","2001",7.34687009577549,
"KOR","PARTEMP","TOT","PC_EMP","A","2002",7.5707556259301,
"KOR","PARTEMP","TOT","PC_EMP","A","2003",7.72533953233713,
"KOR","PARTEMP","TOT","PC_EMP","A","2004",8.37640159454134,
"KOR","PARTEMP","TOT","PC_EMP","A","2005",8.93716693492081,
"KOR","PARTEMP","TOT","PC_EMP","A","2006",8.72643471538198,
"KOR","PARTEMP","TOT","PC_EMP","A","2007",8.76888641424586,
"KOR","PARTEMP","TOT","PC_EMP","A","2008",9.25845288532358,
"KOR","PARTEMP","TOT","PC_EMP","A","2009",9.92084251141521,
"KOR","PARTEMP","TOT","PC_EMP","A","2010",10.6234941716346,
"KOR","PARTEMP","TOT","PC_EMP","A","2011",13.4561688653074,
"KOR","PARTEMP","TOT","PC_EMP","A","2012",10.1197170581232,
"KOR","PARTEMP","TOT","PC_EMP","A","2013",11.0107410622589,
"KOR","PARTEMP","TOT","PC_EMP","A","2014",10.3484403316244,
"KOR","PARTEMP","TOT","PC_EMP","A","2015",10.5452061031935,
"KOR","PARTEMP","TOT","PC_EMP","A","2016",10.8104678171857,
"KOR","PARTEMP","TOT","PC_EMP","A","2017",11.3923137717208,
"KOR","PARTEMP","TOT","PC_EMP","A","2018",12.1988977814144,
"KOR","PARTEMP","TOT","PC_EMP","A","2019",13.984555950993,
"KOR","PARTEMP","TOT","PC_EMP","A","2020",15.3677952577997,
"LUX","PARTEMP","TOT","PC_EMP","A","1983",7.27039816327856,
"LUX","PARTEMP","TOT","PC_EMP","A","1984",6.95830514946387,
"LUX","PARTEMP","TOT","PC_EMP","A","1985",7.24343354900952,
"LUX","PARTEMP","TOT","PC_EMP","A","1986",7.30166789341177,
"LUX","PARTEMP","TOT","PC_EMP","A","1987",8.067984037879,
"LUX","PARTEMP","TOT","PC_EMP","A","1988",7.16158923279328,
"LUX","PARTEMP","TOT","PC_EMP","A","1989",7.55641704399242,
"LUX","PARTEMP","TOT","PC_EMP","A","1990",7.60891388646445,
"LUX","PARTEMP","TOT","PC_EMP","A","1991",8.76036704706484,
"LUX","PARTEMP","TOT","PC_EMP","A","1992",9.47732019909876,
"LUX","PARTEMP","TOT","PC_EMP","A","1993",9.84914989741241,
"LUX","PARTEMP","TOT","PC_EMP","A","1994",10.6952946650907,
"LUX","PARTEMP","TOT","PC_EMP","A","1995",11.3308569922604,
"LUX","PARTEMP","TOT","PC_EMP","A","1996",10.4439685471676,
"LUX","PARTEMP","TOT","PC_EMP","A","1997",11.0218626513419,
"LUX","PARTEMP","TOT","PC_EMP","A","1998",12.6157427925161,
"LUX","PARTEMP","TOT","PC_EMP","A","1999",12.1375712526211,
"LUX","PARTEMP","TOT","PC_EMP","A","2000",12.9652832843085,
"LUX","PARTEMP","TOT","PC_EMP","A","2001",13.1455231686402,
"LUX","PARTEMP","TOT","PC_EMP","A","2002",12.5320732277574,
"LUX","PARTEMP","TOT","PC_EMP","A","2003",13.2897857034453,
"LUX","PARTEMP","TOT","PC_EMP","A","2004",13.2177343532565,
"LUX","PARTEMP","TOT","PC_EMP","A","2005",13.8657194937121,
"LUX","PARTEMP","TOT","PC_EMP","A","2006",12.6551813783345,
"LUX","PARTEMP","TOT","PC_EMP","A","2007",13.0906460230028,
"LUX","PARTEMP","TOT","PC_EMP","A","2008",13.4039892998406,
"LUX","PARTEMP","TOT","PC_EMP","A","2009",16.427724092863,
"LUX","PARTEMP","TOT","PC_EMP","A","2010",15.7849943681351,
"LUX","PARTEMP","TOT","PC_EMP","A","2011",16.0117494226754,
"LUX","PARTEMP","TOT","PC_EMP","A","2012",15.4547384373906,
"LUX","PARTEMP","TOT","PC_EMP","A","2013",15.2631276563535,
"LUX","PARTEMP","TOT","PC_EMP","A","2014",15.469431715912,
"LUX","PARTEMP","TOT","PC_EMP","A","2015",14.9174079121094,
"LUX","PARTEMP","TOT","PC_EMP","A","2016",13.9257204132696,
"LUX","PARTEMP","TOT","PC_EMP","A","2017",14.6156286090733,
"LUX","PARTEMP","TOT","PC_EMP","A","2018",12.831907172265,
"LUX","PARTEMP","TOT","PC_EMP","A","2019",11.6439857415874,
"LUX","PARTEMP","TOT","PC_EMP","A","2020",12.7557310220165,
"MEX","PARTEMP","TOT","PC_EMP","A","1995",16.6148971086923,
"MEX","PARTEMP","TOT","PC_EMP","A","1996",14.9232125436557,
"MEX","PARTEMP","TOT","PC_EMP","A","1997",15.5143737454778,
"MEX","PARTEMP","TOT","PC_EMP","A","1998",14.9745505228841,
"MEX","PARTEMP","TOT","PC_EMP","A","1999",13.6806624806241,
"MEX","PARTEMP","TOT","PC_EMP","A","2000",13.4529796498085,
"MEX","PARTEMP","TOT","PC_EMP","A","2001",13.7411563398068,
"MEX","PARTEMP","TOT","PC_EMP","A","2002",13.5158337240492,
"MEX","PARTEMP","TOT","PC_EMP","A","2003",13.4486993411787,
"MEX","PARTEMP","TOT","PC_EMP","A","2004",15.0592380674982,
"MEX","PARTEMP","TOT","PC_EMP","A","2005",16.3437022366622,
"MEX","PARTEMP","TOT","PC_EMP","A","2006",17.0725639226083,
"MEX","PARTEMP","TOT","PC_EMP","A","2007",17.8360039969809,
"MEX","PARTEMP","TOT","PC_EMP","A","2008",17.6653302747113,
"MEX","PARTEMP","TOT","PC_EMP","A","2009",18.25318471352,
"MEX","PARTEMP","TOT","PC_EMP","A","2010",18.2196670669138,
"MEX","PARTEMP","TOT","PC_EMP","A","2011",18.3770843867243,
"MEX","PARTEMP","TOT","PC_EMP","A","2012",18.8975883076712,
"MEX","PARTEMP","TOT","PC_EMP","A","2013",18.4450118765394,
"MEX","PARTEMP","TOT","PC_EMP","A","2014",18.1580718218286,
"MEX","PARTEMP","TOT","PC_EMP","A","2015",18.1130129095496,
"MEX","PARTEMP","TOT","PC_EMP","A","2016",17.7216564716229,
"MEX","PARTEMP","TOT","PC_EMP","A","2017",17.2013796712522,
"MEX","PARTEMP","TOT","PC_EMP","A","2018",17.0129873418942,
"MEX","PARTEMP","TOT","PC_EMP","A","2019",17.6498583001944,
"MEX","PARTEMP","TOT","PC_EMP","A","2020",17.7297078560258,
"NLD","PARTEMP","TOT","PC_EMP","A","1983",18.5362301871157,
"NLD","PARTEMP","TOT","PC_EMP","A","1985",19.5349505663486,
"NLD","PARTEMP","TOT","PC_EMP","A","1987",26.3604573428926,
"NLD","PARTEMP","TOT","PC_EMP","A","1988",26.9218471176532,
"NLD","PARTEMP","TOT","PC_EMP","A","1989",27.7367190259885,
"NLD","PARTEMP","TOT","PC_EMP","A","1990",28.1500429184179,
"NLD","PARTEMP","TOT","PC_EMP","A","1991",28.5887244368615,
"NLD","PARTEMP","TOT","PC_EMP","A","1992",27.3297923939786,
"NLD","PARTEMP","TOT","PC_EMP","A","1993",27.8684266293785,
"NLD","PARTEMP","TOT","PC_EMP","A","1994",28.8763198665807,
"NLD","PARTEMP","TOT","PC_EMP","A","1995",29.4329076751348,
"NLD","PARTEMP","TOT","PC_EMP","A","1996",29.3425489240347,
"NLD","PARTEMP","TOT","PC_EMP","A","1997",29.1328648868735,
"NLD","PARTEMP","TOT","PC_EMP","A","1998",30.0446232338942,
"NLD","PARTEMP","TOT","PC_EMP","A","1999",30.3983053977289,
"NLD","PARTEMP","TOT","PC_EMP","A","2000",32.0655492300204,
"NLD","PARTEMP","TOT","PC_EMP","A","2001",32.6224216724102,
"NLD","PARTEMP","TOT","PC_EMP","A","2002",33.9280285721012,
"NLD","PARTEMP","TOT","PC_EMP","A","2003",34.5086268805268,
"NLD","PARTEMP","TOT","PC_EMP","A","2004",35.0353421457986,
"NLD","PARTEMP","TOT","PC_EMP","A","2005",35.5709759666719,
"NLD","PARTEMP","TOT","PC_EMP","A","2006",35.355700789483,
"NLD","PARTEMP","TOT","PC_EMP","A","2007",35.9249423663571,
"NLD","PARTEMP","TOT","PC_EMP","A","2008",36.0590351609215,
"NLD","PARTEMP","TOT","PC_EMP","A","2009",36.6695556225629,
"NLD","PARTEMP","TOT","PC_EMP","A","2010",37.1454478163456,
"NLD","PARTEMP","TOT","PC_EMP","A","2011",37.0239971311966,
"NLD","PARTEMP","TOT","PC_EMP","A","2012",37.6208287105933,
"NLD","PARTEMP","TOT","PC_EMP","A","2013",38.545305875927,
"NLD","PARTEMP","TOT","PC_EMP","A","2014",38.3083956637934,
"NLD","PARTEMP","TOT","PC_EMP","A","2015",38.5158493965546,
"NLD","PARTEMP","TOT","PC_EMP","A","2016",37.6735466092528,
"NLD","PARTEMP","TOT","PC_EMP","A","2017",37.3430432224418,
"NLD","PARTEMP","TOT","PC_EMP","A","2018",37.3143847158334,
"NLD","PARTEMP","TOT","PC_EMP","A","2019",36.9639664746748,
"NLD","PARTEMP","TOT","PC_EMP","A","2020",36.9356681113334,
"NZL","PARTEMP","TOT","PC_EMP","A","1986",16.6426827562154,
"NZL","PARTEMP","TOT","PC_EMP","A","1987",17.4338822195992,
"NZL","PARTEMP","TOT","PC_EMP","A","1988",18.2326838389456,
"NZL","PARTEMP","TOT","PC_EMP","A","1989",18.604342428507,
"NZL","PARTEMP","TOT","PC_EMP","A","1990",19.6523799557508,
"NZL","PARTEMP","TOT","PC_EMP","A","1991",20.6232445295222,
"NZL","PARTEMP","TOT","PC_EMP","A","1992",20.9535256278801,
"NZL","PARTEMP","TOT","PC_EMP","A","1993",20.676593621508,
"NZL","PARTEMP","TOT","PC_EMP","A","1994",20.9735953700474,
"NZL","PARTEMP","TOT","PC_EMP","A","1995",20.8764273786091,
"NZL","PARTEMP","TOT","PC_EMP","A","1996",21.8350217467171,
"NZL","PARTEMP","TOT","PC_EMP","A","1997",22.2376170908948,
"NZL","PARTEMP","TOT","PC_EMP","A","1998",22.6968904589728,
"NZL","PARTEMP","TOT","PC_EMP","A","1999",22.9014650302119,
"NZL","PARTEMP","TOT","PC_EMP","A","2000",22.1632308812846,
"NZL","PARTEMP","TOT","PC_EMP","A","2001",22.3087896434288,
"NZL","PARTEMP","TOT","PC_EMP","A","2002",22.5140613511712,
"NZL","PARTEMP","TOT","PC_EMP","A","2003",22.1256338951302,
"NZL","PARTEMP","TOT","PC_EMP","A","2004",21.833714117897,
"NZL","PARTEMP","TOT","PC_EMP","A","2005",21.5579272548013,
"NZL","PARTEMP","TOT","PC_EMP","A","2006",21.1801094733677,
"NZL","PARTEMP","TOT","PC_EMP","A","2007",21.8838393774144,
"NZL","PARTEMP","TOT","PC_EMP","A","2008",22.1041195096148,
"NZL","PARTEMP","TOT","PC_EMP","A","2009",22.4173308635112,
"NZL","PARTEMP","TOT","PC_EMP","A","2010",21.8430360783759,
"NZL","PARTEMP","TOT","PC_EMP","A","2011",22.0978029394596,
"NZL","PARTEMP","TOT","PC_EMP","A","2012",22.3171485376576,
"NZL","PARTEMP","TOT","PC_EMP","A","2013",21.9225045866299,
"NZL","PARTEMP","TOT","PC_EMP","A","2014",21.6729707101343,
"NZL","PARTEMP","TOT","PC_EMP","A","2015",21.4352283562092,
"NZL","PARTEMP","TOT","PC_EMP","A","2016",21.1227132621005,
"NZL","PARTEMP","TOT","PC_EMP","A","2017",20.9953766408904,
"NZL","PARTEMP","TOT","PC_EMP","A","2018",20.5218510381659,
"NZL","PARTEMP","TOT","PC_EMP","A","2019",19.5151016084163,
"NZL","PARTEMP","TOT","PC_EMP","A","2020",19.6794825190039,
"NOR","PARTEMP","TOT","PC_EMP","A","1989",21.7543859649123,
"NOR","PARTEMP","TOT","PC_EMP","A","1990",21.7806841046278,
"NOR","PARTEMP","TOT","PC_EMP","A","1991",22.0424671385238,
"NOR","PARTEMP","TOT","PC_EMP","A","1992",22.1153846153846,
"NOR","PARTEMP","TOT","PC_EMP","A","1993",22.0373171961674,
"NOR","PARTEMP","TOT","PC_EMP","A","1994",21.5064420218038,
"NOR","PARTEMP","TOT","PC_EMP","A","1995",21.3766359670383,
"NOR","PARTEMP","TOT","PC_EMP","A","1996",21.6203485633537,
"NOR","PARTEMP","TOT","PC_EMP","A","1997",20.970695970696,
"NOR","PARTEMP","TOT","PC_EMP","A","1998",20.7960644007156,
"NOR","PARTEMP","TOT","PC_EMP","A","1999",20.6927175843694,
"NOR","PARTEMP","TOT","PC_EMP","A","2000",20.2122954444936,
"NOR","PARTEMP","TOT","PC_EMP","A","2001",20.1149425287356,
"NOR","PARTEMP","TOT","PC_EMP","A","2002",20.5648720211827,
"NOR","PARTEMP","TOT","PC_EMP","A","2003",20.987105380169,
"NOR","PARTEMP","TOT","PC_EMP","A","2004",21.0736468500444,
"NOR","PARTEMP","TOT","PC_EMP","A","2005",20.7591587427654,
"NOR","PARTEMP","TOT","PC_EMP","A","2006",21.275189088023,
"NOR","PARTEMP","TOT","PC_EMP","A","2007",20.8221585195646,
"NOR","PARTEMP","TOT","PC_EMP","A","2008",20.7423310587921,
"NOR","PARTEMP","TOT","PC_EMP","A","2009",20.7257428391147,
"NOR","PARTEMP","TOT","PC_EMP","A","2010",20.4461804019595,
"NOR","PARTEMP","TOT","PC_EMP","A","2011",20.3754464918357,
"NOR","PARTEMP","TOT","PC_EMP","A","2012",20.092488233716,
"NOR","PARTEMP","TOT","PC_EMP","A","2013",20.2270531080146,
"NOR","PARTEMP","TOT","PC_EMP","A","2014",19.8505055353018,
"NOR","PARTEMP","TOT","PC_EMP","A","2015",20.0964589615176,
"NOR","PARTEMP","TOT","PC_EMP","A","2016",19.7704919521681,
"NOR","PARTEMP","TOT","PC_EMP","A","2017",19.2933017509919,
"NOR","PARTEMP","TOT","PC_EMP","A","2018",19.2801488994338,
"NOR","PARTEMP","TOT","PC_EMP","A","2019",20.1352669946139,
"NOR","PARTEMP","TOT","PC_EMP","A","2020",19.874427654904,
"POL","PARTEMP","TOT","PC_EMP","A","1997",11.8882349628295,
"POL","PARTEMP","TOT","PC_EMP","A","1998",11.814994942567,
"POL","PARTEMP","TOT","PC_EMP","A","1999",13.9634054569301,
"POL","PARTEMP","TOT","PC_EMP","A","2000",12.836514041071,
"POL","PARTEMP","TOT","PC_EMP","A","2001",11.5907538707429,
"POL","PARTEMP","TOT","PC_EMP","A","2002",11.6796214446936,
"POL","PARTEMP","TOT","PC_EMP","A","2003",11.5086301872934,
"POL","PARTEMP","TOT","PC_EMP","A","2004",12.0433802367645,
"POL","PARTEMP","TOT","PC_EMP","A","2005",11.7197795190795,
"POL","PARTEMP","TOT","PC_EMP","A","2006",10.8470394736842,
"POL","PARTEMP","TOT","PC_EMP","A","2007",10.0679156140293,
"POL","PARTEMP","TOT","PC_EMP","A","2008",9.25284700550094,
"POL","PARTEMP","TOT","PC_EMP","A","2009",8.6591545035166,
"POL","PARTEMP","TOT","PC_EMP","A","2010",8.72026887280248,
"POL","PARTEMP","TOT","PC_EMP","A","2011",8.31855222230791,
"POL","PARTEMP","TOT","PC_EMP","A","2012",8.04877892319436,
"POL","PARTEMP","TOT","PC_EMP","A","2013",7.72338918362964,
"POL","PARTEMP","TOT","PC_EMP","A","2014",7.10372177450584,
"POL","PARTEMP","TOT","PC_EMP","A","2015",6.40852359912397,
"POL","PARTEMP","TOT","PC_EMP","A","2016",5.99249367564146,
"POL","PARTEMP","TOT","PC_EMP","A","2017",6.11312129512145,
"POL","PARTEMP","TOT","PC_EMP","A","2018",6.06064399553441,
"POL","PARTEMP","TOT","PC_EMP","A","2019",5.81758827158837,
"POL","PARTEMP","TOT","PC_EMP","A","2020",5.76930879091866,
"PRT","PARTEMP","TOT","PC_EMP","A","1986",7.47406296785909,
"PRT","PARTEMP","TOT","PC_EMP","A","1987",7.36382490811628,
"PRT","PARTEMP","TOT","PC_EMP","A","1988",7.780845864167,
"PRT","PARTEMP","TOT","PC_EMP","A","1989",8.01545524480887,
"PRT","PARTEMP","TOT","PC_EMP","A","1990",7.62049398120352,
"PRT","PARTEMP","TOT","PC_EMP","A","1991",8.79781968201097,
"PRT","PARTEMP","TOT","PC_EMP","A","1992",8.79009067073184,
"PRT","PARTEMP","TOT","PC_EMP","A","1993",8.80295595431694,
"PRT","PARTEMP","TOT","PC_EMP","A","1994",9.48601503220929,
"PRT","PARTEMP","TOT","PC_EMP","A","1995",8.61426719692359,
"PRT","PARTEMP","TOT","PC_EMP","A","1996",9.231416221122,
"PRT","PARTEMP","TOT","PC_EMP","A","1997",10.2124946867966,
"PRT","PARTEMP","TOT","PC_EMP","A","1998",9.95201059269741,
"PRT","PARTEMP","TOT","PC_EMP","A","1999",9.40441247726343,
"PRT","PARTEMP","TOT","PC_EMP","A","2000",9.34444006797318,
"PRT","PARTEMP","TOT","PC_EMP","A","2001",9.27234712832324,
"PRT","PARTEMP","TOT","PC_EMP","A","2002",9.67536900855164,
"PRT","PARTEMP","TOT","PC_EMP","A","2003",9.97012579038062,
"PRT","PARTEMP","TOT","PC_EMP","A","2004",9.77097264917629,
"PRT","PARTEMP","TOT","PC_EMP","A","2005",9.5789059251376,
"PRT","PARTEMP","TOT","PC_EMP","A","2006",9.44912477083081,
"PRT","PARTEMP","TOT","PC_EMP","A","2007",10.0416852939445,
"PRT","PARTEMP","TOT","PC_EMP","A","2008",9.92548593594088,
"PRT","PARTEMP","TOT","PC_EMP","A","2009",9.80023963417191,
"PRT","PARTEMP","TOT","PC_EMP","A","2010",9.57289310198109,
"PRT","PARTEMP","TOT","PC_EMP","A","2011",11.6969679640339,
"PRT","PARTEMP","TOT","PC_EMP","A","2012",12.4737844794309,
"PRT","PARTEMP","TOT","PC_EMP","A","2013",11.993442738818,
"PRT","PARTEMP","TOT","PC_EMP","A","2014",10.9722089808298,
"PRT","PARTEMP","TOT","PC_EMP","A","2015",10.5319184753475,
"PRT","PARTEMP","TOT","PC_EMP","A","2016",8.30688583342016,
"PRT","PARTEMP","TOT","PC_EMP","A","2017",7.7864419638404,
"PRT","PARTEMP","TOT","PC_EMP","A","2018",7.0875586943438,
"PRT","PARTEMP","TOT","PC_EMP","A","2019",7.10970429048649,
"PRT","PARTEMP","TOT","PC_EMP","A","2020",6.2186606243092,
"SVK","PARTEMP","TOT","PC_EMP","A","1994",2.68619084561676,
"SVK","PARTEMP","TOT","PC_EMP","A","1995",2.30834995725278,
"SVK","PARTEMP","TOT","PC_EMP","A","1996",2.11695852955969,
"SVK","PARTEMP","TOT","PC_EMP","A","1997",1.95799706529714,
"SVK","PARTEMP","TOT","PC_EMP","A","1998",1.98129290881445,
"SVK","PARTEMP","TOT","PC_EMP","A","1999",1.78605448656887,
"SVK","PARTEMP","TOT","PC_EMP","A","2000",1.85337130170375,
"SVK","PARTEMP","TOT","PC_EMP","A","2001",1.90244600200257,
"SVK","PARTEMP","TOT","PC_EMP","A","2002",1.59215873774803,
"SVK","PARTEMP","TOT","PC_EMP","A","2003",2.15184544136221,
"SVK","PARTEMP","TOT","PC_EMP","A","2004",2.58620689655172,
"SVK","PARTEMP","TOT","PC_EMP","A","2005",2.39069175529497,
"SVK","PARTEMP","TOT","PC_EMP","A","2006",2.37699903871362,
"SVK","PARTEMP","TOT","PC_EMP","A","2007",2.39018363086362,
"SVK","PARTEMP","TOT","PC_EMP","A","2008",2.60384376937384,
"SVK","PARTEMP","TOT","PC_EMP","A","2009",2.94030167835139,
"SVK","PARTEMP","TOT","PC_EMP","A","2010",3.65604486371343,
"SVK","PARTEMP","TOT","PC_EMP","A","2011",3.99808576197265,
"SVK","PARTEMP","TOT","PC_EMP","A","2012",3.7855845136661,
"SVK","PARTEMP","TOT","PC_EMP","A","2013",4.30288151014916,
"SVK","PARTEMP","TOT","PC_EMP","A","2014",4.86119940214462,
"SVK","PARTEMP","TOT","PC_EMP","A","2015",5.72449320807772,
"SVK","PARTEMP","TOT","PC_EMP","A","2016",5.75597356113202,
"SVK","PARTEMP","TOT","PC_EMP","A","2017",5.81685349336693,
"SVK","PARTEMP","TOT","PC_EMP","A","2018",4.99797306786105,
"SVK","PARTEMP","TOT","PC_EMP","A","2019",4.83196890003321,
"SVK","PARTEMP","TOT","PC_EMP","A","2020",4.52567309606253,
"ESP","PARTEMP","TOT","PC_EMP","A","1987",5.0354737057481,
"ESP","PARTEMP","TOT","PC_EMP","A","1988",4.99290119400769,
"ESP","PARTEMP","TOT","PC_EMP","A","1989",4.5087572957435,
"ESP","PARTEMP","TOT","PC_EMP","A","1990",4.63536560534738,
"ESP","PARTEMP","TOT","PC_EMP","A","1991",4.4297876407155,
"ESP","PARTEMP","TOT","PC_EMP","A","1992",5.32527096058526,
"ESP","PARTEMP","TOT","PC_EMP","A","1993",6.01127704236689,
"ESP","PARTEMP","TOT","PC_EMP","A","1994",6.40747754165483,
"ESP","PARTEMP","TOT","PC_EMP","A","1995",6.97743727936248,
"ESP","PARTEMP","TOT","PC_EMP","A","1996",7.48774114873276,
"ESP","PARTEMP","TOT","PC_EMP","A","1997",7.85922240024326,
"ESP","PARTEMP","TOT","PC_EMP","A","1998",7.65642963567268,
"ESP","PARTEMP","TOT","PC_EMP","A","1999",7.82266003641467,
"ESP","PARTEMP","TOT","PC_EMP","A","2000",7.54426031377427,
"ESP","PARTEMP","TOT","PC_EMP","A","2001",7.61672677205447,
"ESP","PARTEMP","TOT","PC_EMP","A","2002",7.55674907527134,
"ESP","PARTEMP","TOT","PC_EMP","A","2003",7.76783250761653,
"ESP","PARTEMP","TOT","PC_EMP","A","2004",8.29445325977608,
"ESP","PARTEMP","TOT","PC_EMP","A","2005",10.8045048277519,
"ESP","PARTEMP","TOT","PC_EMP","A","2006",10.6800019396931,
"ESP","PARTEMP","TOT","PC_EMP","A","2007",10.528486448222,
"ESP","PARTEMP","TOT","PC_EMP","A","2008",10.8874255130568,
"ESP","PARTEMP","TOT","PC_EMP","A","2009",11.6269692165629,
"ESP","PARTEMP","TOT","PC_EMP","A","2010",12.1600262194371,
"ESP","PARTEMP","TOT","PC_EMP","A","2011",12.6582080442512,
"ESP","PARTEMP","TOT","PC_EMP","A","2012",13.5741963342091,
"ESP","PARTEMP","TOT","PC_EMP","A","2013",14.7316913555119,
"ESP","PARTEMP","TOT","PC_EMP","A","2014",14.7067765662546,
"ESP","PARTEMP","TOT","PC_EMP","A","2015",14.4689818589038,
"ESP","PARTEMP","TOT","PC_EMP","A","2016",14.1458261173362,
"ESP","PARTEMP","TOT","PC_EMP","A","2017",13.7893173503528,
"ESP","PARTEMP","TOT","PC_EMP","A","2018",13.2868297031807,
"ESP","PARTEMP","TOT","PC_EMP","A","2019",13.2181173394612,
"ESP","PARTEMP","TOT","PC_EMP","A","2020",12.5262018273074,
"SWE","PARTEMP","TOT","PC_EMP","A","1987",16.8490102452367,
"SWE","PARTEMP","TOT","PC_EMP","A","1988",15.9754926615152,
"SWE","PARTEMP","TOT","PC_EMP","A","1989",15.163454610951,
"SWE","PARTEMP","TOT","PC_EMP","A","1990",14.4838659322525,
"SWE","PARTEMP","TOT","PC_EMP","A","1991",14.5730015014332,
"SWE","PARTEMP","TOT","PC_EMP","A","1992",14.9802766028231,
"SWE","PARTEMP","TOT","PC_EMP","A","1993",15.4141220410841,
"SWE","PARTEMP","TOT","PC_EMP","A","1994",15.7582243967077,
"SWE","PARTEMP","TOT","PC_EMP","A","1995",15.1245104930214,
"SWE","PARTEMP","TOT","PC_EMP","A","1996",14.7616762231933,
"SWE","PARTEMP","TOT","PC_EMP","A","1997",14.213807552762,
"SWE","PARTEMP","TOT","PC_EMP","A","1998",13.4551032181318,
"SWE","PARTEMP","TOT","PC_EMP","A","1999",14.4965621335667,
"SWE","PARTEMP","TOT","PC_EMP","A","2000",14.0448084798844,
"SWE","PARTEMP","TOT","PC_EMP","A","2001",13.8802075742757,
"SWE","PARTEMP","TOT","PC_EMP","A","2002",13.8202167599348,
"SWE","PARTEMP","TOT","PC_EMP","A","2003",14.0524422567209,
"SWE","PARTEMP","TOT","PC_EMP","A","2004",14.4327446459556,
"SWE","PARTEMP","TOT","PC_EMP","A","2005",13.5328010226381,
"SWE","PARTEMP","TOT","PC_EMP","A","2006",13.4291846484041,
"SWE","PARTEMP","TOT","PC_EMP","A","2007",14.3561528450556,
"SWE","PARTEMP","TOT","PC_EMP","A","2008",14.372426089786,
"SWE","PARTEMP","TOT","PC_EMP","A","2009",14.648920495992,
"SWE","PARTEMP","TOT","PC_EMP","A","2010",14.4971371339431,
"SWE","PARTEMP","TOT","PC_EMP","A","2011",14.3128212570641,
"SWE","PARTEMP","TOT","PC_EMP","A","2012",14.2607172220237,
"SWE","PARTEMP","TOT","PC_EMP","A","2013",14.2854098988426,
"SWE","PARTEMP","TOT","PC_EMP","A","2014",14.2244124469463,
"SWE","PARTEMP","TOT","PC_EMP","A","2015",14.1392647018607,
"SWE","PARTEMP","TOT","PC_EMP","A","2016",13.8007362755662,
"SWE","PARTEMP","TOT","PC_EMP","A","2017",13.8106854872791,
"SWE","PARTEMP","TOT","PC_EMP","A","2018",13.5441293420154,
"SWE","PARTEMP","TOT","PC_EMP","A","2019",13.7153354771265,
"SWE","PARTEMP","TOT","PC_EMP","A","2020",14.1011669920634,
"CHE","PARTEMP","TOT","PC_EMP","A","1991",22.6763595780619,
"CHE","PARTEMP","TOT","PC_EMP","A","1992",23.5444880105049,
"CHE","PARTEMP","TOT","PC_EMP","A","1993",24.2795492858351,
"CHE","PARTEMP","TOT","PC_EMP","A","1994",23.8651528736573,
"CHE","PARTEMP","TOT","PC_EMP","A","1995",23.6995123866114,
"CHE","PARTEMP","TOT","PC_EMP","A","1996",24.8900762606133,
"CHE","PARTEMP","TOT","PC_EMP","A","1997",25.2425495549152,
"CHE","PARTEMP","TOT","PC_EMP","A","1998",25.3466340376049,
"CHE","PARTEMP","TOT","PC_EMP","A","1999",26.1101976194774,
"CHE","PARTEMP","TOT","PC_EMP","A","2000",23.0403977376396,
"CHE","PARTEMP","TOT","PC_EMP","A","2001",25.8907110363358,
"CHE","PARTEMP","TOT","PC_EMP","A","2002",26.2959985406515,
"CHE","PARTEMP","TOT","PC_EMP","A","2003",26.4994228671341,
"CHE","PARTEMP","TOT","PC_EMP","A","2004",26.2844131375668,
"CHE","PARTEMP","TOT","PC_EMP","A","2005",26.6329001757019,
"CHE","PARTEMP","TOT","PC_EMP","A","2006",26.9466168822487,
"CHE","PARTEMP","TOT","PC_EMP","A","2007",26.7942125468052,
"CHE","PARTEMP","TOT","PC_EMP","A","2008",27.4593995336202,
"CHE","PARTEMP","TOT","PC_EMP","A","2009",28.1192993325785,
"CHE","PARTEMP","TOT","PC_EMP","A","2010",26.1362990692824,
"CHE","PARTEMP","TOT","PC_EMP","A","2011",25.8513334634604,
"CHE","PARTEMP","TOT","PC_EMP","A","2012",26.0373449810265,
"CHE","PARTEMP","TOT","PC_EMP","A","2013",26.352010136374,
"CHE","PARTEMP","TOT","PC_EMP","A","2014",26.9163875132014,
"CHE","PARTEMP","TOT","PC_EMP","A","2015",26.7536648914593,
"CHE","PARTEMP","TOT","PC_EMP","A","2016",26.6186949649836,
"CHE","PARTEMP","TOT","PC_EMP","A","2017",26.7085890390216,
"CHE","PARTEMP","TOT","PC_EMP","A","2018",26.7382407912198,
"CHE","PARTEMP","TOT","PC_EMP","A","2019",26.8673218515554,
"CHE","PARTEMP","TOT","PC_EMP","A","2020",26.6622093279994,
"TUR","PARTEMP","TOT","PC_EMP","A","1988",8.17659646356572,
"TUR","PARTEMP","TOT","PC_EMP","A","1989",9.61068890778896,
"TUR","PARTEMP","TOT","PC_EMP","A","1990",9.33336928968232,
"TUR","PARTEMP","TOT","PC_EMP","A","1991",11.2027170672267,
"TUR","PARTEMP","TOT","PC_EMP","A","1992",11.6244411326379,
"TUR","PARTEMP","TOT","PC_EMP","A","1993",8.86240168653207,
"TUR","PARTEMP","TOT","PC_EMP","A","1994",8.81779555111222,
"TUR","PARTEMP","TOT","PC_EMP","A","1995",6.40256491219548,
"TUR","PARTEMP","TOT","PC_EMP","A","1996",5.51558187265564,
"TUR","PARTEMP","TOT","PC_EMP","A","1997",6.14891309473287,
"TUR","PARTEMP","TOT","PC_EMP","A","1998",6.03576922193907,
"TUR","PARTEMP","TOT","PC_EMP","A","1999",7.70626389077879,
"TUR","PARTEMP","TOT","PC_EMP","A","2000",9.35168450808656,
"TUR","PARTEMP","TOT","PC_EMP","A","2001",6.23983645402593,
"TUR","PARTEMP","TOT","PC_EMP","A","2002",6.59798642004214,
"TUR","PARTEMP","TOT","PC_EMP","A","2003",6.02478010025537,
"TUR","PARTEMP","TOT","PC_EMP","A","2004",6.11818644931228,
"TUR","PARTEMP","TOT","PC_EMP","A","2005",5.58572923414221,
"TUR","PARTEMP","TOT","PC_EMP","A","2006",7.59400705052879,
"TUR","PARTEMP","TOT","PC_EMP","A","2007",8.05844907407408,
"TUR","PARTEMP","TOT","PC_EMP","A","2008",8.54999292219129,
"TUR","PARTEMP","TOT","PC_EMP","A","2009",11.1158112427148,
"TUR","PARTEMP","TOT","PC_EMP","A","2010",11.4754823862631,
"TUR","PARTEMP","TOT","PC_EMP","A","2011",11.7451891174519,
"TUR","PARTEMP","TOT","PC_EMP","A","2012",11.8462406317995,
"TUR","PARTEMP","TOT","PC_EMP","A","2013",12.2556125847275,
"TUR","PARTEMP","TOT","PC_EMP","A","2014",10.6115524022519,
"TUR","PARTEMP","TOT","PC_EMP","A","2015",9.87904740440237,
"TUR","PARTEMP","TOT","PC_EMP","A","2016",9.43022658942583,
"TUR","PARTEMP","TOT","PC_EMP","A","2017",9.60017029126902,
"TUR","PARTEMP","TOT","PC_EMP","A","2018",9.94709731310038,
"TUR","PARTEMP","TOT","PC_EMP","A","2019",9.49820150290252,
"TUR","PARTEMP","TOT","PC_EMP","A","2020",11.3492333649813,
"GBR","PARTEMP","TOT","PC_EMP","A","1983",18.4283549745648,
"GBR","PARTEMP","TOT","PC_EMP","A","1984",19.5675099765232,
"GBR","PARTEMP","TOT","PC_EMP","A","1985",19.6713362766087,
"GBR","PARTEMP","TOT","PC_EMP","A","1986",20.2023668172302,
"GBR","PARTEMP","TOT","PC_EMP","A","1987",20.8128107373331,
"GBR","PARTEMP","TOT","PC_EMP","A","1988",20.5181330679234,
"GBR","PARTEMP","TOT","PC_EMP","A","1989",20.2142341799522,
"GBR","PARTEMP","TOT","PC_EMP","A","1990",20.1074871929179,
"GBR","PARTEMP","TOT","PC_EMP","A","1991",20.6974871527721,
"GBR","PARTEMP","TOT","PC_EMP","A","1992",21.5188210190974,
"GBR","PARTEMP","TOT","PC_EMP","A","1993",22.1273704430791,
"GBR","PARTEMP","TOT","PC_EMP","A","1994",22.39136502215,
"GBR","PARTEMP","TOT","PC_EMP","A","1995",22.3203933956276,
"GBR","PARTEMP","TOT","PC_EMP","A","1996",22.8930412096088,
"GBR","PARTEMP","TOT","PC_EMP","A","1997",22.8990439630144,
"GBR","PARTEMP","TOT","PC_EMP","A","1998",22.9795619055346,
"GBR","PARTEMP","TOT","PC_EMP","A","1999",22.9465856028974,
"GBR","PARTEMP","TOT","PC_EMP","A","2000",23.2962701624766,
"GBR","PARTEMP","TOT","PC_EMP","A","2001",22.7008139849217,
"GBR","PARTEMP","TOT","PC_EMP","A","2002",23.0544289252992,
"GBR","PARTEMP","TOT","PC_EMP","A","2003",23.3330043740401,
"GBR","PARTEMP","TOT","PC_EMP","A","2004",23.4070875662283,
"GBR","PARTEMP","TOT","PC_EMP","A","2005",22.9318884465716,
"GBR","PARTEMP","TOT","PC_EMP","A","2006",23.0901539857012,
"GBR","PARTEMP","TOT","PC_EMP","A","2007",22.8809620678388,
"GBR","PARTEMP","TOT","PC_EMP","A","2008",22.9604875838399,
"GBR","PARTEMP","TOT","PC_EMP","A","2009",23.9262765238373,
"GBR","PARTEMP","TOT","PC_EMP","A","2010",24.6314368552693,
"GBR","PARTEMP","TOT","PC_EMP","A","2011",24.6667169282229,
"GBR","PARTEMP","TOT","PC_EMP","A","2012",24.9706800304473,
"GBR","PARTEMP","TOT","PC_EMP","A","2013",24.6390859432868,
"GBR","PARTEMP","TOT","PC_EMP","A","2014",24.0979770426274,
"GBR","PARTEMP","TOT","PC_EMP","A","2015",23.9738084014285,
"GBR","PARTEMP","TOT","PC_EMP","A","2016",24.0444648161996,
"GBR","PARTEMP","TOT","PC_EMP","A","2017",23.8465253323809,
"GBR","PARTEMP","TOT","PC_EMP","A","2018",23.587337055497,
"GBR","PARTEMP","TOT","PC_EMP","A","2019",23.3743884553337,
"GBR","PARTEMP","TOT","PC_EMP","A","2020",22.4465216023616,
"G7M","PARTEMP","TOT","PC_EMP","A","1976",12.509758704151,
"G7M","PARTEMP","TOT","PC_EMP","A","1977",13.040403948371,
"G7M","PARTEMP","TOT","PC_EMP","A","1978",13.2226949038112,
"G7M","PARTEMP","TOT","PC_EMP","A","1979",13.9993205433954,
"G7M","PARTEMP","TOT","PC_EMP","A","1980",13.2104874176532,
"G7M","PARTEMP","TOT","PC_EMP","A","1981",13.2101898445728,
"G7M","PARTEMP","TOT","PC_EMP","A","1982",13.8683818560635,
"G7M","PARTEMP","TOT","PC_EMP","A","1983",13.6130464769501,
"G7M","PARTEMP","TOT","PC_EMP","A","1984",13.3394954256842,
"G7M","PARTEMP","TOT","PC_EMP","A","1985",13.4040007585083,
"G7M","PARTEMP","TOT","PC_EMP","A","1986",13.644554184359,
"G7M","PARTEMP","TOT","PC_EMP","A","1987",13.6375342167528,
"G7M","PARTEMP","TOT","PC_EMP","A","1988",13.6762706442483,
"G7M","PARTEMP","TOT","PC_EMP","A","1989",13.7543013940456,
"G7M","PARTEMP","TOT","PC_EMP","A","1990",14.0872631241777,
"G7M","PARTEMP","TOT","PC_EMP","A","1991",14.2594269083714,
"G7M","PARTEMP","TOT","PC_EMP","A","1992",14.6135953905833,
"G7M","PARTEMP","TOT","PC_EMP","A","1993",14.9315633122236,
"G7M","PARTEMP","TOT","PC_EMP","A","1994",14.9194165605768,
"G7M","PARTEMP","TOT","PC_EMP","A","1995",14.8025342833228,
"G7M","PARTEMP","TOT","PC_EMP","A","1996",15.1686468798161,
"G7M","PARTEMP","TOT","PC_EMP","A","1997",15.4701691330119,
"G7M","PARTEMP","TOT","PC_EMP","A","1998",15.5104256871995,
"G7M","PARTEMP","TOT","PC_EMP","A","1999",15.6215266850025,
"G7M","PARTEMP","TOT","PC_EMP","A","2000",15.1592280750793,
"G7M","PARTEMP","TOT","PC_EMP","A","2001",15.5440246526724,
"G7M","PARTEMP","TOT","PC_EMP","A","2002",15.8070781373681,
"G7M","PARTEMP","TOT","PC_EMP","A","2003",16.0063061243577,
"G7M","PARTEMP","TOT","PC_EMP","A","2004",16.2827710440275,
"G7M","PARTEMP","TOT","PC_EMP","A","2005",16.235305700414,
"G7M","PARTEMP","TOT","PC_EMP","A","2006",16.1372037910054,
"G7M","PARTEMP","TOT","PC_EMP","A","2007",16.3391707273667,
"G7M","PARTEMP","TOT","PC_EMP","A","2008",16.5885420580126,
"G7M","PARTEMP","TOT","PC_EMP","A","2009",17.4610651050401,
"G7M","PARTEMP","TOT","PC_EMP","A","2010",17.5928899753538,
"G7M","PARTEMP","TOT","PC_EMP","A","2011",17.6636329280654,
"G7M","PARTEMP","TOT","PC_EMP","A","2012",17.7168062992927,
"G7M","PARTEMP","TOT","PC_EMP","A","2013",17.9515983661779,
"G7M","PARTEMP","TOT","PC_EMP","A","2014",18.032988589906,
"G7M","PARTEMP","TOT","PC_EMP","A","2015",17.846915402544,
"G7M","PARTEMP","TOT","PC_EMP","A","2016",17.8742465135134,
"G7M","PARTEMP","TOT","PC_EMP","A","2017",17.6247871359996,
"G7M","PARTEMP","TOT","PC_EMP","A","2018",17.6676160946468,
"G7M","PARTEMP","TOT","PC_EMP","A","2019",17.7356521379782,
"G7M","PARTEMP","TOT","PC_EMP","A","2020",17.6194309813647,
"BRA","PARTEMP","TOT","PC_EMP","A","2001",16.8228165705744,
"BRA","PARTEMP","TOT","PC_EMP","A","2002",17.9132491708019,
"BRA","PARTEMP","TOT","PC_EMP","A","2003",18.0077694965012,
"BRA","PARTEMP","TOT","PC_EMP","A","2004",18.2299337811785,
"BRA","PARTEMP","TOT","PC_EMP","A","2005",18.9951366292292,
"BRA","PARTEMP","TOT","PC_EMP","A","2006",19.1630056224534,
"BRA","PARTEMP","TOT","PC_EMP","A","2007",18.2685088692417,
"BRA","PARTEMP","TOT","PC_EMP","A","2008",17.9821894005213,
"BRA","PARTEMP","TOT","PC_EMP","A","2009",17.7710517781861,
"BRA","PARTEMP","TOT","PC_EMP","A","2011",15.9778026786191,
"BRA","PARTEMP","TOT","PC_EMP","A","2012",15.87640356274,
"BRA","PARTEMP","TOT","PC_EMP","A","2013",15.7740640709043,
"BRA","PARTEMP","TOT","PC_EMP","A","2014",15.3359473421898,
"BRA","PARTEMP","TOT","PC_EMP","A","2015",15.7784009951489,
"BRA","PARTEMP","TOT","PC_EMP","A","2016",14.2469162409371,
"BRA","PARTEMP","TOT","PC_EMP","A","2017",15.5771141132796,
"BRA","PARTEMP","TOT","PC_EMP","A","2018",16.0411901410412,
"BRA","PARTEMP","TOT","PC_EMP","A","2019",16.0254885052321,
"BRA","PARTEMP","TOT","PC_EMP","A","2020",14.4266677368215,
"BGR","PARTEMP","TOT","PC_EMP","A","2000",2.04102967464674,
"BGR","PARTEMP","TOT","PC_EMP","A","2001",3.03125905117075,
"BGR","PARTEMP","TOT","PC_EMP","A","2002",2.46222363354537,
"BGR","PARTEMP","TOT","PC_EMP","A","2003",2.77198360412965,
"BGR","PARTEMP","TOT","PC_EMP","A","2004",2.54082872317834,
"BGR","PARTEMP","TOT","PC_EMP","A","2005",2.14778275670694,
"BGR","PARTEMP","TOT","PC_EMP","A","2006",1.88399377456975,
"BGR","PARTEMP","TOT","PC_EMP","A","2007",1.56466187445039,
"BGR","PARTEMP","TOT","PC_EMP","A","2008",1.48670641325344,
"BGR","PARTEMP","TOT","PC_EMP","A","2009",1.57594918076973,
"BGR","PARTEMP","TOT","PC_EMP","A","2010",1.78209397316067,
"BGR","PARTEMP","TOT","PC_EMP","A","2011",1.8165059704764,
"BGR","PARTEMP","TOT","PC_EMP","A","2012",1.91353687256099,
"BGR","PARTEMP","TOT","PC_EMP","A","2013",2.12563435230379,
"BGR","PARTEMP","TOT","PC_EMP","A","2014",2.06155185118978,
"BGR","PARTEMP","TOT","PC_EMP","A","2015",1.8629956518084,
"BGR","PARTEMP","TOT","PC_EMP","A","2016",1.7775926517744,
"BGR","PARTEMP","TOT","PC_EMP","A","2017",1.80833709584927,
"BGR","PARTEMP","TOT","PC_EMP","A","2018",1.55820716001779,
"BGR","PARTEMP","TOT","PC_EMP","A","2019",1.62631896997144,
"BGR","PARTEMP","TOT","PC_EMP","A","2020",1.55498189196078,
"CHL","PARTEMP","TOT","PC_EMP","A","1996",4.52973821174565,
"CHL","PARTEMP","TOT","PC_EMP","A","1997",4.7049091606868,
"CHL","PARTEMP","TOT","PC_EMP","A","1998",4.09483712315056,
"CHL","PARTEMP","TOT","PC_EMP","A","1999",4.6250758330298,
"CHL","PARTEMP","TOT","PC_EMP","A","2000",4.72338976905897,
"CHL","PARTEMP","TOT","PC_EMP","A","2001",5.55762901287087,
"CHL","PARTEMP","TOT","PC_EMP","A","2002",5.21918285345663,
"CHL","PARTEMP","TOT","PC_EMP","A","2003",5.66805594036016,
"CHL","PARTEMP","TOT","PC_EMP","A","2004",6.57390163619451,
"CHL","PARTEMP","TOT","PC_EMP","A","2005",7.15179322992168,
"CHL","PARTEMP","TOT","PC_EMP","A","2006",7.65897573489345,
"CHL","PARTEMP","TOT","PC_EMP","A","2007",8.04103361521192,
"CHL","PARTEMP","TOT","PC_EMP","A","2008",9.13184430486724,
"CHL","PARTEMP","TOT","PC_EMP","A","2009",10.4980560180118,
"CHL","PARTEMP","TOT","PC_EMP","A","2010",17.4201838250488,
"CHL","PARTEMP","TOT","PC_EMP","A","2011",17.2335297184782,
"CHL","PARTEMP","TOT","PC_EMP","A","2012",16.6522139713239,
"CHL","PARTEMP","TOT","PC_EMP","A","2013",16.5433716565871,
"CHL","PARTEMP","TOT","PC_EMP","A","2014",17.0009235588707,
"CHL","PARTEMP","TOT","PC_EMP","A","2015",16.8008022760838,
"CHL","PARTEMP","TOT","PC_EMP","A","2016",17.4407430813063,
"CHL","PARTEMP","TOT","PC_EMP","A","2017",17.5751112284477,
"CHL","PARTEMP","TOT","PC_EMP","A","2018",17.8376436283756,
"CHL","PARTEMP","TOT","PC_EMP","A","2019",18.0118736142447,
"CHL","PARTEMP","TOT","PC_EMP","A","2020",16.056473341063,
"HRV","PARTEMP","TOT","PC_EMP","A","2002",5.91572540345186,
"HRV","PARTEMP","TOT","PC_EMP","A","2003",5.6171013205297,
"HRV","PARTEMP","TOT","PC_EMP","A","2004",5.73784076339628,
"HRV","PARTEMP","TOT","PC_EMP","A","2005",6.79109494976996,
"HRV","PARTEMP","TOT","PC_EMP","A","2006",7.02883911512899,
"HRV","PARTEMP","TOT","PC_EMP","A","2007",6.00708027776162,
"HRV","PARTEMP","TOT","PC_EMP","A","2008",5.74961137464977,
"HRV","PARTEMP","TOT","PC_EMP","A","2009",5.95248751714822,
"HRV","PARTEMP","TOT","PC_EMP","A","2010",6.38837653255046,
"HRV","PARTEMP","TOT","PC_EMP","A","2011",6.64661048273727,
"HRV","PARTEMP","TOT","PC_EMP","A","2012",5.2576625613134,
"HRV","PARTEMP","TOT","PC_EMP","A","2013",4.82616266850958,
"HRV","PARTEMP","TOT","PC_EMP","A","2014",4.76828969057188,
"HRV","PARTEMP","TOT","PC_EMP","A","2015",5.63668305273888,
"HRV","PARTEMP","TOT","PC_EMP","A","2016",5.14888721346836,
"HRV","PARTEMP","TOT","PC_EMP","A","2017",4.35315043030448,
"HRV","PARTEMP","TOT","PC_EMP","A","2018",4.6517841725311,
"HRV","PARTEMP","TOT","PC_EMP","A","2019",4.47428815700547,
"HRV","PARTEMP","TOT","PC_EMP","A","2020",4.23681831001771,
"CYP","PARTEMP","TOT","PC_EMP","A","2000",7.57616346782663,
"CYP","PARTEMP","TOT","PC_EMP","A","2001",7.96248422618875,
"CYP","PARTEMP","TOT","PC_EMP","A","2002",7.13413178961842,
"CYP","PARTEMP","TOT","PC_EMP","A","2003",8.55665129161928,
"CYP","PARTEMP","TOT","PC_EMP","A","2004",7.33829562780026,
"CYP","PARTEMP","TOT","PC_EMP","A","2005",7.37642135381476,
"CYP","PARTEMP","TOT","PC_EMP","A","2006",6.79932904114548,
"CYP","PARTEMP","TOT","PC_EMP","A","2007",6.48785174306952,
"CYP","PARTEMP","TOT","PC_EMP","A","2008",6.8122184857515,
"CYP","PARTEMP","TOT","PC_EMP","A","2009",7.44054416886508,
"CYP","PARTEMP","TOT","PC_EMP","A","2010",7.92431815846586,
"CYP","PARTEMP","TOT","PC_EMP","A","2011",8.67470443008214,
"CYP","PARTEMP","TOT","PC_EMP","A","2012",8.95113894466958,
"CYP","PARTEMP","TOT","PC_EMP","A","2013",9.96744809053307,
"CYP","PARTEMP","TOT","PC_EMP","A","2014",10.9511329472159,
"CYP","PARTEMP","TOT","PC_EMP","A","2015",10.5939319926001,
"CYP","PARTEMP","TOT","PC_EMP","A","2016",11.3390237922804,
"CYP","PARTEMP","TOT","PC_EMP","A","2017",10.3438046928302,
"CYP","PARTEMP","TOT","PC_EMP","A","2018",9.47282743205902,
"CYP","PARTEMP","TOT","PC_EMP","A","2019",9.2545529476411,
"CYP","PARTEMP","TOT","PC_EMP","A","2020",9.16572645439848,
"EST","PARTEMP","TOT","PC_EMP","A","2000",7.24965270565389,
"EST","PARTEMP","TOT","PC_EMP","A","2001",7.40422908756023,
"EST","PARTEMP","TOT","PC_EMP","A","2002",7.23833543497484,
"EST","PARTEMP","TOT","PC_EMP","A","2003",7.79690971157662,
"EST","PARTEMP","TOT","PC_EMP","A","2004",7.15000121120927,
"EST","PARTEMP","TOT","PC_EMP","A","2005",6.86878299405844,
"EST","PARTEMP","TOT","PC_EMP","A","2006",6.76864672050571,
"EST","PARTEMP","TOT","PC_EMP","A","2007",6.80814176144579,
"EST","PARTEMP","TOT","PC_EMP","A","2008",6.27725789106819,
"EST","PARTEMP","TOT","PC_EMP","A","2009",8.49139995580816,
"EST","PARTEMP","TOT","PC_EMP","A","2010",8.82065022712046,
"EST","PARTEMP","TOT","PC_EMP","A","2011",8.94574459637772,
"EST","PARTEMP","TOT","PC_EMP","A","2012",8.24131684760947,
"EST","PARTEMP","TOT","PC_EMP","A","2013",8.02887993060185,
"EST","PARTEMP","TOT","PC_EMP","A","2014",7.61812084904402,
"EST","PARTEMP","TOT","PC_EMP","A","2015",8.55087207804498,
"EST","PARTEMP","TOT","PC_EMP","A","2016",8.66253610969218,
"EST","PARTEMP","TOT","PC_EMP","A","2017",8.12634562926748,
"EST","PARTEMP","TOT","PC_EMP","A","2018",9.18807436717016,
"EST","PARTEMP","TOT","PC_EMP","A","2019",9.59983801678178,
"EST","PARTEMP","TOT","PC_EMP","A","2020",9.57318041161712,
"ISR","PARTEMP","TOT","PC_EMP","A","1995",15.156108150375,
"ISR","PARTEMP","TOT","PC_EMP","A","1996",15.1246610745731,
"ISR","PARTEMP","TOT","PC_EMP","A","1997",14.1898659865012,
"ISR","PARTEMP","TOT","PC_EMP","A","1998",15.373428852752,
"ISR","PARTEMP","TOT","PC_EMP","A","1999",15.8860387940948,
"ISR","PARTEMP","TOT","PC_EMP","A","2000",15.6286816966843,
"ISR","PARTEMP","TOT","PC_EMP","A","2001",16.2964865867016,
"ISR","PARTEMP","TOT","PC_EMP","A","2002",16.4574948133827,
"ISR","PARTEMP","TOT","PC_EMP","A","2003",16.615185480792,
"ISR","PARTEMP","TOT","PC_EMP","A","2004",16.8289482347958,
"ISR","PARTEMP","TOT","PC_EMP","A","2005",16.9128988098089,
"ISR","PARTEMP","TOT","PC_EMP","A","2006",16.618691005329,
"ISR","PARTEMP","TOT","PC_EMP","A","2007",16.0932796329341,
"ISR","PARTEMP","TOT","PC_EMP","A","2008",15.9772480494721,
"ISR","PARTEMP","TOT","PC_EMP","A","2009",16.0776234908672,
"ISR","PARTEMP","TOT","PC_EMP","A","2010",15.2413321133544,
"ISR","PARTEMP","TOT","PC_EMP","A","2011",14.8593337996339,
"ISR","PARTEMP","TOT","PC_EMP","A","2012",16.0873452602653,
"ISR","PARTEMP","TOT","PC_EMP","A","2013",15.914795880572,
"ISR","PARTEMP","TOT","PC_EMP","A","2014",15.9870565632819,
"ISR","PARTEMP","TOT","PC_EMP","A","2015",15.8524356721238,
"ISR","PARTEMP","TOT","PC_EMP","A","2016",15.4785413054816,
"ISR","PARTEMP","TOT","PC_EMP","A","2017",15.2537594921034,
"ISR","PARTEMP","TOT","PC_EMP","A","2018",15.4902920057917,
"ISR","PARTEMP","TOT","PC_EMP","A","2019",15.0845442172251,
"ISR","PARTEMP","TOT","PC_EMP","A","2020",14.331344694631,
"LVA","PARTEMP","TOT","PC_EMP","A","2000",8.82801726075796,
"LVA","PARTEMP","TOT","PC_EMP","A","2001",8.54890950183827,
"LVA","PARTEMP","TOT","PC_EMP","A","2002",8.46127497031274,
"LVA","PARTEMP","TOT","PC_EMP","A","2003",7.69394040549982,
"LVA","PARTEMP","TOT","PC_EMP","A","2004",8.22110123180786,
"LVA","PARTEMP","TOT","PC_EMP","A","2005",6.74308926058584,
"LVA","PARTEMP","TOT","PC_EMP","A","2006",5.32214890629367,
"LVA","PARTEMP","TOT","PC_EMP","A","2007",5.3716608075447,
"LVA","PARTEMP","TOT","PC_EMP","A","2008",6.01987389069493,
"LVA","PARTEMP","TOT","PC_EMP","A","2009",7.36407384122552,
"LVA","PARTEMP","TOT","PC_EMP","A","2010",8.16708089096764,
"LVA","PARTEMP","TOT","PC_EMP","A","2011",8.00394687902077,
"LVA","PARTEMP","TOT","PC_EMP","A","2012",8.34228276410596,
"LVA","PARTEMP","TOT","PC_EMP","A","2013",7.64517348944947,
"LVA","PARTEMP","TOT","PC_EMP","A","2014",6.55896448735215,
"LVA","PARTEMP","TOT","PC_EMP","A","2015",6.83701880271588,
"LVA","PARTEMP","TOT","PC_EMP","A","2016",7.62120329082013,
"LVA","PARTEMP","TOT","PC_EMP","A","2017",6.82818787102362,
"LVA","PARTEMP","TOT","PC_EMP","A","2018",6.49656451535506,
"LVA","PARTEMP","TOT","PC_EMP","A","2019",7.30750367827366,
"LVA","PARTEMP","TOT","PC_EMP","A","2020",7.20362196748085,
"LTU","PARTEMP","TOT","PC_EMP","A","1998",11.1842289532359,
"LTU","PARTEMP","TOT","PC_EMP","A","1999",12.599870398549,
"LTU","PARTEMP","TOT","PC_EMP","A","2000",10.6237482111249,
"LTU","PARTEMP","TOT","PC_EMP","A","2001",10.9540058899331,
"LTU","PARTEMP","TOT","PC_EMP","A","2002",11.4297757458167,
"LTU","PARTEMP","TOT","PC_EMP","A","2003",9.82341717091702,
"LTU","PARTEMP","TOT","PC_EMP","A","2004",8.6378458595573,
"LTU","PARTEMP","TOT","PC_EMP","A","2005",7.54448737061594,
"LTU","PARTEMP","TOT","PC_EMP","A","2006",6.5202736519613,
"LTU","PARTEMP","TOT","PC_EMP","A","2007",6.05303590133707,
"LTU","PARTEMP","TOT","PC_EMP","A","2008",4.56932624296279,
"LTU","PARTEMP","TOT","PC_EMP","A","2009",5.57828523952511,
"LTU","PARTEMP","TOT","PC_EMP","A","2010",6.5305558541084,
"LTU","PARTEMP","TOT","PC_EMP","A","2011",7.56366040838277,
"LTU","PARTEMP","TOT","PC_EMP","A","2012",7.88361431921874,
"LTU","PARTEMP","TOT","PC_EMP","A","2013",7.25316506991084,
"LTU","PARTEMP","TOT","PC_EMP","A","2014",7.24406952478232,
"LTU","PARTEMP","TOT","PC_EMP","A","2015",6.75243580288722,
"LTU","PARTEMP","TOT","PC_EMP","A","2016",7.16885859407264,
"LTU","PARTEMP","TOT","PC_EMP","A","2017",7.1876909452405,
"LTU","PARTEMP","TOT","PC_EMP","A","2018",6.73208303522307,
"LTU","PARTEMP","TOT","PC_EMP","A","2019",5.81949043302422,
"LTU","PARTEMP","TOT","PC_EMP","A","2020",5.45853823886078,
"MKD","PARTEMP","TOT","PC_EMP","A","2006",3.87209068531364,
"MKD","PARTEMP","TOT","PC_EMP","A","2007",4.72992266311021,
"MKD","PARTEMP","TOT","PC_EMP","A","2008",4.24103997403292,
"MKD","PARTEMP","TOT","PC_EMP","A","2009",4.23384292330715,
"MKD","PARTEMP","TOT","PC_EMP","A","2010",4.41078995540446,
"MKD","PARTEMP","TOT","PC_EMP","A","2011",4.71785926971064,
"MKD","PARTEMP","TOT","PC_EMP","A","2012",5.14338063931399,
"MKD","PARTEMP","TOT","PC_EMP","A","2013",3.43460345072233,
"MKD","PARTEMP","TOT","PC_EMP","A","2014",4.23419108339357,
"MKD","PARTEMP","TOT","PC_EMP","A","2015",3.14690095071234,
"MKD","PARTEMP","TOT","PC_EMP","A","2016",3.68046292555223,
"MKD","PARTEMP","TOT","PC_EMP","A","2017",2.86240847656635,
"MKD","PARTEMP","TOT","PC_EMP","A","2018",2.65808606721206,
"MKD","PARTEMP","TOT","PC_EMP","A","2019",3.18838107018704,
"MKD","PARTEMP","TOT","PC_EMP","A","2020",3.30542932312844,
"MLT","PARTEMP","TOT","PC_EMP","A","2000",6.77267659258029,
"MLT","PARTEMP","TOT","PC_EMP","A","2001",8.6058270750058,
"MLT","PARTEMP","TOT","PC_EMP","A","2002",8.20422001307364,
"MLT","PARTEMP","TOT","PC_EMP","A","2003",8.55842716520826,
"MLT","PARTEMP","TOT","PC_EMP","A","2004",8.84146025696358,
"MLT","PARTEMP","TOT","PC_EMP","A","2005",9.03877174575867,
"MLT","PARTEMP","TOT","PC_EMP","A","2006",8.80155512687732,
"MLT","PARTEMP","TOT","PC_EMP","A","2007",9.33109421925505,
"MLT","PARTEMP","TOT","PC_EMP","A","2008",9.26168721710185,
"MLT","PARTEMP","TOT","PC_EMP","A","2009",9.55001449273929,
"MLT","PARTEMP","TOT","PC_EMP","A","2010",10.5174634758182,
"MLT","PARTEMP","TOT","PC_EMP","A","2011",11.4311022339004,
"MLT","PARTEMP","TOT","PC_EMP","A","2012",11.3974866519975,
"MLT","PARTEMP","TOT","PC_EMP","A","2013",11.8479729991988,
"MLT","PARTEMP","TOT","PC_EMP","A","2014",12.9792162569814,
"MLT","PARTEMP","TOT","PC_EMP","A","2015",11.9485829646485,
"MLT","PARTEMP","TOT","PC_EMP","A","2016",10.4848014737965,
"MLT","PARTEMP","TOT","PC_EMP","A","2017",9.88507116060263,
"MLT","PARTEMP","TOT","PC_EMP","A","2018",9.62442206599531,
"MLT","PARTEMP","TOT","PC_EMP","A","2019",9.31523995120174,
"MLT","PARTEMP","TOT","PC_EMP","A","2020",8.66090529912425,
"ROU","PARTEMP","TOT","PC_EMP","A","2000",7.50433024281077,
"ROU","PARTEMP","TOT","PC_EMP","A","2001",7.32450465684937,
"ROU","PARTEMP","TOT","PC_EMP","A","2002",5.54924349604865,
"ROU","PARTEMP","TOT","PC_EMP","A","2003",5.33010821578649,
"ROU","PARTEMP","TOT","PC_EMP","A","2004",5.16274376946146,
"ROU","PARTEMP","TOT","PC_EMP","A","2005",4.63613954771433,
"ROU","PARTEMP","TOT","PC_EMP","A","2006",4.08773679545122,
"ROU","PARTEMP","TOT","PC_EMP","A","2007",4.18485345720138,
"ROU","PARTEMP","TOT","PC_EMP","A","2008",3.98512048173977,
"ROU","PARTEMP","TOT","PC_EMP","A","2009",4.24743950836976,
"ROU","PARTEMP","TOT","PC_EMP","A","2010",4.75402157985386,
"ROU","PARTEMP","TOT","PC_EMP","A","2011",3.90013669888146,
"ROU","PARTEMP","TOT","PC_EMP","A","2012",4.12230395692575,
"ROU","PARTEMP","TOT","PC_EMP","A","2013",4.22887958153634,
"ROU","PARTEMP","TOT","PC_EMP","A","2014",3.80685258178226,
"ROU","PARTEMP","TOT","PC_EMP","A","2015",4.16323635987736,
"ROU","PARTEMP","TOT","PC_EMP","A","2016",3.55171486463678,
"ROU","PARTEMP","TOT","PC_EMP","A","2017",3.79169506077903,
"ROU","PARTEMP","TOT","PC_EMP","A","2018",3.84010754315231,
"ROU","PARTEMP","TOT","PC_EMP","A","2019",3.4592750018903,
"ROU","PARTEMP","TOT","PC_EMP","A","2020",3.33883475071844,
"RUS","PARTEMP","TOT","PC_EMP","A","1992",5.19967643547684,
"RUS","PARTEMP","TOT","PC_EMP","A","1993",4.24959094541951,
"RUS","PARTEMP","TOT","PC_EMP","A","1994",4.72682418111533,
"RUS","PARTEMP","TOT","PC_EMP","A","1995",4.56660144498085,
"RUS","PARTEMP","TOT","PC_EMP","A","1996",4.34072718046162,
"RUS","PARTEMP","TOT","PC_EMP","A","1997",4.36827465304839,
"RUS","PARTEMP","TOT","PC_EMP","A","1998",4.61373492230829,
"RUS","PARTEMP","TOT","PC_EMP","A","1999",8.18764323748599,
"RUS","PARTEMP","TOT","PC_EMP","A","2000",7.36482219798523,
"RUS","PARTEMP","TOT","PC_EMP","A","2001",5.21352655853533,
"RUS","PARTEMP","TOT","PC_EMP","A","2002",3.79027928485007,
"RUS","PARTEMP","TOT","PC_EMP","A","2003",5.32696380851955,
"RUS","PARTEMP","TOT","PC_EMP","A","2004",5.41735330813644,
"RUS","PARTEMP","TOT","PC_EMP","A","2005",5.63267779148266,
"RUS","PARTEMP","TOT","PC_EMP","A","2006",5.29439125883871,
"RUS","PARTEMP","TOT","PC_EMP","A","2007",5.0841321040438,
"RUS","PARTEMP","TOT","PC_EMP","A","2008",4.96309433754033,
"RUS","PARTEMP","TOT","PC_EMP","A","2009",4.73343210807132,
"RUS","PARTEMP","TOT","PC_EMP","A","2010",4.25083560204136,
"RUS","PARTEMP","TOT","PC_EMP","A","2011",4.05768466359845,
"RUS","PARTEMP","TOT","PC_EMP","A","2012",4.11007460576946,
"RUS","PARTEMP","TOT","PC_EMP","A","2013",4.30355287383597,
"RUS","PARTEMP","TOT","PC_EMP","A","2014",4.013287184485,
"RUS","PARTEMP","TOT","PC_EMP","A","2015",4.21990330786208,
"RUS","PARTEMP","TOT","PC_EMP","A","2016",4.29548711523929,
"RUS","PARTEMP","TOT","PC_EMP","A","2017",3.59085653897556,
"RUS","PARTEMP","TOT","PC_EMP","A","2018",3.90372301815651,
"RUS","PARTEMP","TOT","PC_EMP","A","2019",4.03377093315666,
"RUS","PARTEMP","TOT","PC_EMP","A","2020",4.09840534050944,
"SVN","PARTEMP","TOT","PC_EMP","A","2000",4.94384360171341,
"SVN","PARTEMP","TOT","PC_EMP","A","2001",4.79575697256136,
"SVN","PARTEMP","TOT","PC_EMP","A","2002",4.92423956976687,
"SVN","PARTEMP","TOT","PC_EMP","A","2003",4.97612664008512,
"SVN","PARTEMP","TOT","PC_EMP","A","2004",7.52800205323468,
"SVN","PARTEMP","TOT","PC_EMP","A","2005",7.39309987777358,
"SVN","PARTEMP","TOT","PC_EMP","A","2006",7.79556993576879,
"SVN","PARTEMP","TOT","PC_EMP","A","2007",7.83138654145677,
"SVN","PARTEMP","TOT","PC_EMP","A","2008",7.49507735728079,
"SVN","PARTEMP","TOT","PC_EMP","A","2009",8.33260315279654,
"SVN","PARTEMP","TOT","PC_EMP","A","2010",9.44514857158849,
"SVN","PARTEMP","TOT","PC_EMP","A","2011",8.61201096523267,
"SVN","PARTEMP","TOT","PC_EMP","A","2012",7.92560923028854,
"SVN","PARTEMP","TOT","PC_EMP","A","2013",8.57546057794601,
"SVN","PARTEMP","TOT","PC_EMP","A","2014",9.59374640391225,
"SVN","PARTEMP","TOT","PC_EMP","A","2015",9.1599892028602,
"SVN","PARTEMP","TOT","PC_EMP","A","2016",8.16615441929776,
"SVN","PARTEMP","TOT","PC_EMP","A","2017",8.92249657925459,
"SVN","PARTEMP","TOT","PC_EMP","A","2018",8.51018093526211,
"SVN","PARTEMP","TOT","PC_EMP","A","2019",7.24534930693554,
"SVN","PARTEMP","TOT","PC_EMP","A","2020",7.06131060892519,
"ZAF","PARTEMP","TOT","PC_EMP","A","2008",7.92318042591815,
"ZAF","PARTEMP","TOT","PC_EMP","A","2009",8.06296034076027,
"ZAF","PARTEMP","TOT","PC_EMP","A","2010",7.7390697037051,
"ZAF","PARTEMP","TOT","PC_EMP","A","2011",7.37889013579977,
"ZAF","PARTEMP","TOT","PC_EMP","A","2012",7.71980309841922,
"ZAF","PARTEMP","TOT","PC_EMP","A","2013",8.28342994219297,
"ZAF","PARTEMP","TOT","PC_EMP","A","2014",8.03596495378101,
"ZAF","PARTEMP","TOT","PC_EMP","A","2015",8.79527905078787,
"ZAF","PARTEMP","TOT","PC_EMP","A","2016",8.97272250845369,
"ZAF","PARTEMP","TOT","PC_EMP","A","2017",8.95531511706094,
"ZAF","PARTEMP","TOT","PC_EMP","A","2018",9.09036180844019,
"ZAF","PARTEMP","TOT","PC_EMP","A","2019",9.33686861518357,
"ZAF","PARTEMP","TOT","PC_EMP","A","2020",10.3054936410122,
"OECD","PARTEMP","TOT","PC_EMP","A","1976",12.509758704151,
"OECD","PARTEMP","TOT","PC_EMP","A","1977",13.040403948371,
"OECD","PARTEMP","TOT","PC_EMP","A","1978",13.2226949038112,
"OECD","PARTEMP","TOT","PC_EMP","A","1979",13.9993205433954,
"OECD","PARTEMP","TOT","PC_EMP","A","1980",13.2104874176532,
"OECD","PARTEMP","TOT","PC_EMP","A","1981",13.2101898445728,
"OECD","PARTEMP","TOT","PC_EMP","A","1982",13.8683818560635,
"OECD","PARTEMP","TOT","PC_EMP","A","1983",13.6041489194943,
"OECD","PARTEMP","TOT","PC_EMP","A","1984",13.2655486343392,
"OECD","PARTEMP","TOT","PC_EMP","A","1985",13.4345090132437,
"OECD","PARTEMP","TOT","PC_EMP","A","1986",13.4841857814534,
"OECD","PARTEMP","TOT","PC_EMP","A","1987",13.4716949669954,
"OECD","PARTEMP","TOT","PC_EMP","A","1988",13.2144311833891,
"OECD","PARTEMP","TOT","PC_EMP","A","1989",12.9399834815487,
"OECD","PARTEMP","TOT","PC_EMP","A","1990",13.1538699473559,
"OECD","PARTEMP","TOT","PC_EMP","A","1991",13.5213328239285,
"OECD","PARTEMP","TOT","PC_EMP","A","1992",13.8534948081315,
"OECD","PARTEMP","TOT","PC_EMP","A","1993",13.8861199274977,
"OECD","PARTEMP","TOT","PC_EMP","A","1994",13.8274272957945,
"OECD","PARTEMP","TOT","PC_EMP","A","1995",13.7182757040776,
"OECD","PARTEMP","TOT","PC_EMP","A","1996",13.708133579946,
"OECD","PARTEMP","TOT","PC_EMP","A","1997",13.9905825279637,
"OECD","PARTEMP","TOT","PC_EMP","A","1998",14.0814104807532,
"OECD","PARTEMP","TOT","PC_EMP","A","1999",14.2881658110775,
"OECD","PARTEMP","TOT","PC_EMP","A","2000",13.8942488413841,
"OECD","PARTEMP","TOT","PC_EMP","A","2001",14.3182136167794,
"OECD","PARTEMP","TOT","PC_EMP","A","2002",14.5512150197952,
"OECD","PARTEMP","TOT","PC_EMP","A","2003",14.6399047265305,
"OECD","PARTEMP","TOT","PC_EMP","A","2004",15.0237074171673,
"OECD","PARTEMP","TOT","PC_EMP","A","2005",15.1747970211899,
"OECD","PARTEMP","TOT","PC_EMP","A","2006",15.2176012750108,
"OECD","PARTEMP","TOT","PC_EMP","A","2007",15.3784098489358,
"OECD","PARTEMP","TOT","PC_EMP","A","2008",15.5528830424039,
"OECD","PARTEMP","TOT","PC_EMP","A","2009",16.3963010681346,
"OECD","PARTEMP","TOT","PC_EMP","A","2010",16.6625428851525,
"OECD","PARTEMP","TOT","PC_EMP","A","2011",16.880049373377,
"OECD","PARTEMP","TOT","PC_EMP","A","2012",16.9207196652721,
"OECD","PARTEMP","TOT","PC_EMP","A","2013",17.1231302750409,
"OECD","PARTEMP","TOT","PC_EMP","A","2014",16.9772718868625,
"OECD","PARTEMP","TOT","PC_EMP","A","2015",16.807763617849,
"OECD","PARTEMP","TOT","PC_EMP","A","2016",16.7072807755148,
"OECD","PARTEMP","TOT","PC_EMP","A","2017",16.5161453633992,
"OECD","PARTEMP","TOT","PC_EMP","A","2018",16.5351658909803,
"OECD","PARTEMP","TOT","PC_EMP","A","2019",16.7265484016337,
"OECD","PARTEMP","TOT","PC_EMP","A","2020",16.6765560391565,
"COL","PARTEMP","TOT","PC_EMP","A","2001",17.8951238583685,
"COL","PARTEMP","TOT","PC_EMP","A","2002",18.9074869365277,
"COL","PARTEMP","TOT","PC_EMP","A","2003",16.8388666808436,
"COL","PARTEMP","TOT","PC_EMP","A","2004",16.8653348160883,
"COL","PARTEMP","TOT","PC_EMP","A","2005",15.5788204995961,
"COL","PARTEMP","TOT","PC_EMP","A","2007",14.5115195598029,
"COL","PARTEMP","TOT","PC_EMP","A","2008",13.9724957976488,
"COL","PARTEMP","TOT","PC_EMP","A","2009",15.0879803245885,
"COL","PARTEMP","TOT","PC_EMP","A","2010",16.260269226656,
"COL","PARTEMP","TOT","PC_EMP","A","2011",16.9097856585794,
"COL","PARTEMP","TOT","PC_EMP","A","2012",17.9638813351573,
"COL","PARTEMP","TOT","PC_EMP","A","2013",17.7889225746876,
"COL","PARTEMP","TOT","PC_EMP","A","2014",16.4884932543164,
"COL","PARTEMP","TOT","PC_EMP","A","2015",16.5783065437409,
"COL","PARTEMP","TOT","PC_EMP","A","2016",15.880291555595,
"COL","PARTEMP","TOT","PC_EMP","A","2017",15.8807520374999,
"COL","PARTEMP","TOT","PC_EMP","A","2018",15.5187507091701,
"COL","PARTEMP","TOT","PC_EMP","A","2019",16.2508206060471,
"COL","PARTEMP","TOT","PC_EMP","A","2020",14.5623199769067,
"CRI","PARTEMP","TOT","PC_EMP","A","2010",15.3997759950939,
"CRI","PARTEMP","TOT","PC_EMP","A","2011",12.0538607516024,
"CRI","PARTEMP","TOT","PC_EMP","A","2012",15.4330415880692,
"CRI","PARTEMP","TOT","PC_EMP","A","2013",18.1697274242341,
"CRI","PARTEMP","TOT","PC_EMP","A","2014",18.9727132016913,
"CRI","PARTEMP","TOT","PC_EMP","A","2015",18.1903602127814,
"CRI","PARTEMP","TOT","PC_EMP","A","2016",15.6370254942959,
"CRI","PARTEMP","TOT","PC_EMP","A","2017",16.5002727059912,
"CRI","PARTEMP","TOT","PC_EMP","A","2018",17.8893229016854,
"CRI","PARTEMP","TOT","PC_EMP","A","2019",19.1107021624838,
"CRI","PARTEMP","TOT","PC_EMP","A","2020",17.6757815955675,
"IDN","PARTEMP","TOT","PC_EMP","A","2000",26.9901172528749,
"IDN","PARTEMP","TOT","PC_EMP","A","2001",25.3631279632868,
"IDN","PARTEMP","TOT","PC_EMP","A","2002",25.2148249073385,
"IDN","PARTEMP","TOT","PC_EMP","A","2003",25.2689041293813,
"IDN","PARTEMP","TOT","PC_EMP","A","2005",24.4149068802162,
"IDN","PARTEMP","TOT","PC_EMP","A","2006",24.8713775036598,
"IDN","PARTEMP","TOT","PC_EMP","A","2007",25.7151557025882,
"IDN","PARTEMP","TOT","PC_EMP","A","2008",26.0855769330728,
"IDN","PARTEMP","TOT","PC_EMP","A","2009",26.5245845569219,
"IDN","PARTEMP","TOT","PC_EMP","A","2010",26.2943262111943,
"IDN","PARTEMP","TOT","PC_EMP","A","2011",27.3352241505202,
"IDN","PARTEMP","TOT","PC_EMP","A","2012",27.465741377536,
"IDN","PARTEMP","TOT","PC_EMP","A","2013",31.1172851711334,
"IDN","PARTEMP","TOT","PC_EMP","A","2014",27.6668997517551,
"IDN","PARTEMP","TOT","PC_EMP","A","2015",25.8010457025578,
"IDN","PARTEMP","TOT","PC_EMP","A","2016",25.0654819153052,
"IDN","PARTEMP","TOT","PC_EMP","A","2017",25.9270681778679,
"EU27","PARTEMP","TOT","PC_EMP","A","1983",11.293689302025,
"EU27","PARTEMP","TOT","PC_EMP","A","1984",10.323127493587,
"EU27","PARTEMP","TOT","PC_EMP","A","1985",10.9488022908455,
"EU27","PARTEMP","TOT","PC_EMP","A","1986",10.6529382793737,
"EU27","PARTEMP","TOT","PC_EMP","A","1987",11.1980950254841,
"EU27","PARTEMP","TOT","PC_EMP","A","1988",11.324534041955,
"EU27","PARTEMP","TOT","PC_EMP","A","1989",11.2585380101904,
"EU27","PARTEMP","TOT","PC_EMP","A","1990",11.7322556907005,
"EU27","PARTEMP","TOT","PC_EMP","A","1991",11.4598884187309,
"EU27","PARTEMP","TOT","PC_EMP","A","1992",11.9386539321445,
"EU27","PARTEMP","TOT","PC_EMP","A","1993",12.0937376584713,
"EU27","PARTEMP","TOT","PC_EMP","A","1994",12.3624375477832,
"EU27","PARTEMP","TOT","PC_EMP","A","1995",12.4267699319507,
"EU27","PARTEMP","TOT","PC_EMP","A","1996",12.61128692025,
"EU27","PARTEMP","TOT","PC_EMP","A","1997",13.0603633627077,
"EU27","PARTEMP","TOT","PC_EMP","A","1998",13.2779450779103,
"EU27","PARTEMP","TOT","PC_EMP","A","1999",13.7915620105507,
"EU27","PARTEMP","TOT","PC_EMP","A","2000",13.0920745612279,
"EU27","PARTEMP","TOT","PC_EMP","A","2001",13.0749600342862,
"EU27","PARTEMP","TOT","PC_EMP","A","2002",13.1107616258658,
"EU27","PARTEMP","TOT","PC_EMP","A","2003",13.2482325272665,
"EU27","PARTEMP","TOT","PC_EMP","A","2004",13.8645749039548,
"EU27","PARTEMP","TOT","PC_EMP","A","2005",14.4046104126924,
"EU27","PARTEMP","TOT","PC_EMP","A","2006",14.4201646512741,
"EU27","PARTEMP","TOT","PC_EMP","A","2007",14.4688394904102,
"EU27","PARTEMP","TOT","PC_EMP","A","2008",14.4802870967498,
"EU27","PARTEMP","TOT","PC_EMP","A","2009",14.8131926463453,
"EU27","PARTEMP","TOT","PC_EMP","A","2010",15.1109431810608,
"EU27","PARTEMP","TOT","PC_EMP","A","2011",15.359296241989,
"EU27","PARTEMP","TOT","PC_EMP","A","2012",15.6878297595301,
"EU27","PARTEMP","TOT","PC_EMP","A","2013",16.0063994032733,
"EU27","PARTEMP","TOT","PC_EMP","A","2014",15.9162931998807,
"EU27","PARTEMP","TOT","PC_EMP","A","2015",15.8534775806874,
"EU27","PARTEMP","TOT","PC_EMP","A","2016",15.5890058114354,
"EU27","PARTEMP","TOT","PC_EMP","A","2017",15.4853057998744,
"EU27","PARTEMP","TOT","PC_EMP","A","2018",15.2386479206436,
"EU27","PARTEMP","TOT","PC_EMP","A","2019",15.1318559903285,
"EU27","PARTEMP","TOT","PC_EMP","A","2020",15.0860956607207,
